"","longitude","latitude","time","analysed_sst","site_name","sst_c"
"1",-68.6900024414062,44.1500015258789,2023-06-16,11.952,"Deer Isle 1",11.952
"2",-68.6900024414062,44.1500015258789,2023-06-17,11.932,"Deer Isle 1",11.932
"3",-68.6900024414062,44.1500015258789,2023-06-18,12.129,"Deer Isle 1",12.129
"4",-68.6900024414062,44.1500015258789,2023-06-19,11.653,"Deer Isle 1",11.653
"5",-68.6900024414062,44.1500015258789,2023-06-20,11.817,"Deer Isle 1",11.817
"6",-68.6900024414062,44.1500015258789,2023-06-21,11.903,"Deer Isle 1",11.903
"7",-68.6900024414062,44.1500015258789,2023-06-22,12.776,"Deer Isle 1",12.776
"8",-68.6900024414062,44.1500015258789,2023-06-23,12.999,"Deer Isle 1",12.999
"9",-68.6900024414062,44.1500015258789,2023-06-24,13.024,"Deer Isle 1",13.024
"10",-68.6900024414062,44.1500015258789,2023-06-25,12.558,"Deer Isle 1",12.558
"11",-68.6900024414062,44.1500015258789,2023-06-26,13.089,"Deer Isle 1",13.089
"12",-68.6900024414062,44.1500015258789,2023-06-27,13.009,"Deer Isle 1",13.009
"13",-68.6900024414062,44.1500015258789,2023-06-28,13.967,"Deer Isle 1",13.967
"14",-68.6900024414062,44.1500015258789,2023-06-29,14.17,"Deer Isle 1",14.17
"15",-68.6900024414062,44.1500015258789,2023-06-30,14.313,"Deer Isle 1",14.313
"16",-68.6900024414062,44.1500015258789,2023-07-01,14.181,"Deer Isle 1",14.181
"17",-68.6900024414062,44.1500015258789,2023-07-02,14.399,"Deer Isle 1",14.399
"18",-68.6900024414062,44.1500015258789,2023-07-03,15.048,"Deer Isle 1",15.048
"19",-68.6900024414062,44.1500015258789,2023-07-04,15.164,"Deer Isle 1",15.164
"20",-68.6900024414062,44.1500015258789,2023-07-05,15.334,"Deer Isle 1",15.334
"21",-68.6900024414062,44.1500015258789,2023-07-06,15.1,"Deer Isle 1",15.1
"22",-68.6900024414062,44.1500015258789,2023-07-07,15.316,"Deer Isle 1",15.316
"23",-68.6900024414062,44.1500015258789,2023-07-08,15.506,"Deer Isle 1",15.506
"24",-68.6900024414062,44.1500015258789,2023-07-09,15.654,"Deer Isle 1",15.654
"25",-68.6900024414062,44.1500015258789,2023-07-10,16.615,"Deer Isle 1",16.615
"26",-68.6900024414062,44.1500015258789,2023-07-11,16.886,"Deer Isle 1",16.886
"27",-68.6900024414062,44.1500015258789,2023-07-12,16.941,"Deer Isle 1",16.941
"28",-68.6900024414062,44.1500015258789,2023-07-13,16.92,"Deer Isle 1",16.92
"29",-68.6900024414062,44.1500015258789,2023-07-14,17.018,"Deer Isle 1",17.018
"30",-68.6900024414062,44.1500015258789,2023-07-15,17.001,"Deer Isle 1",17.001
"31",-68.6900024414062,44.1500015258789,2023-07-16,16.908,"Deer Isle 1",16.908
"32",-68.6900024414062,44.1500015258789,2023-07-17,16.788,"Deer Isle 1",16.788
"33",-68.6900024414062,44.1500015258789,2023-07-18,16.562,"Deer Isle 1",16.562
"34",-68.6900024414062,44.1500015258789,2023-07-19,16.062,"Deer Isle 1",16.062
"35",-68.6900024414062,44.1500015258789,2023-07-20,15.914,"Deer Isle 1",15.914
"36",-68.6900024414062,44.1500015258789,2023-07-21,15.501,"Deer Isle 1",15.501
"37",-68.6900024414062,44.1500015258789,2023-07-22,16.185,"Deer Isle 1",16.185
"38",-68.6900024414062,44.1500015258789,2023-07-23,16.89,"Deer Isle 1",16.89
"39",-68.6900024414062,44.1500015258789,2023-07-24,17.939,"Deer Isle 1",17.939
"40",-68.6900024414062,44.1500015258789,2023-07-25,18.244,"Deer Isle 1",18.244
"41",-68.6900024414062,44.1500015258789,2023-07-26,18.494,"Deer Isle 1",18.494
"42",-68.6900024414062,44.1500015258789,2023-07-27,17.991,"Deer Isle 1",17.991
"43",-68.6900024414062,44.1500015258789,2023-07-28,18.044,"Deer Isle 1",18.044
"44",-68.6900024414062,44.1500015258789,2023-07-29,18.657,"Deer Isle 1",18.657
"45",-68.6900024414062,44.1500015258789,2023-07-30,18.03,"Deer Isle 1",18.03
"46",-68.6900024414062,44.1500015258789,2023-07-31,16.521,"Deer Isle 1",16.521
"47",-68.6900024414062,44.1500015258789,2023-08-01,16.398,"Deer Isle 1",16.398
"48",-68.6900024414062,44.1500015258789,2023-08-02,16.273,"Deer Isle 1",16.273
"49",-68.6900024414062,44.1500015258789,2023-08-03,15.92,"Deer Isle 1",15.92
"50",-68.6900024414062,44.1500015258789,2023-08-04,16.006,"Deer Isle 1",16.006
"51",-68.6900024414062,44.1500015258789,2023-08-05,15.888,"Deer Isle 1",15.888
"52",-68.6900024414062,44.1500015258789,2023-08-06,15.609,"Deer Isle 1",15.609
"53",-68.6900024414062,44.1500015258789,2023-08-07,15.089,"Deer Isle 1",15.089
"54",-68.6900024414062,44.1500015258789,2023-08-08,15.474,"Deer Isle 1",15.474
"55",-68.6900024414062,44.1500015258789,2023-08-09,15.268,"Deer Isle 1",15.268
"56",-68.6900024414062,44.1500015258789,2023-08-10,15.214,"Deer Isle 1",15.214
"57",-68.6900024414062,44.1500015258789,2023-08-11,15.472,"Deer Isle 1",15.472
"58",-68.6900024414062,44.1500015258789,2023-08-12,15.545,"Deer Isle 1",15.545
"59",-68.6900024414062,44.1500015258789,2023-08-13,15.548,"Deer Isle 1",15.548
"60",-68.6900024414062,44.1500015258789,2023-08-14,16.663,"Deer Isle 1",16.663
"61",-68.6900024414062,44.1500015258789,2023-08-15,16.639,"Deer Isle 1",16.639
"62",-68.6900024414062,44.1500015258789,2023-08-16,16.757,"Deer Isle 1",16.757
"63",-68.6900024414062,44.1500015258789,2023-08-17,17.173,"Deer Isle 1",17.173
"64",-68.6900024414062,44.1500015258789,2023-08-18,16.684,"Deer Isle 1",16.684
"65",-68.6900024414062,44.1500015258789,2023-08-19,16.216,"Deer Isle 1",16.216
"66",-68.6900024414062,44.1500015258789,2023-08-20,15.98,"Deer Isle 1",15.98
"67",-68.6900024414062,44.1500015258789,2023-08-21,16.048,"Deer Isle 1",16.048
"68",-68.6900024414062,44.1500015258789,2023-08-22,16.02,"Deer Isle 1",16.02
"69",-68.6900024414062,44.1500015258789,2023-08-23,16.408,"Deer Isle 1",16.408
"70",-68.6900024414062,44.1500015258789,2023-08-24,16.424,"Deer Isle 1",16.424
"71",-68.6900024414062,44.1500015258789,2023-08-25,16.468,"Deer Isle 1",16.468
"72",-68.6900024414062,44.1500015258789,2023-08-26,15.653,"Deer Isle 1",15.653
"73",-68.6900024414062,44.1500015258789,2023-08-27,15.587,"Deer Isle 1",15.587
"74",-68.6900024414062,44.1500015258789,2023-08-28,15.205,"Deer Isle 1",15.205
"75",-68.6900024414062,44.1500015258789,2023-08-29,15.346,"Deer Isle 1",15.346
"76",-68.6900024414062,44.1500015258789,2023-08-30,14.906,"Deer Isle 1",14.906
"77",-68.6900024414062,44.1500015258789,2023-08-31,14.717,"Deer Isle 1",14.717
"78",-68.6900024414062,44.1500015258789,2023-09-01,14.538,"Deer Isle 1",14.538
"79",-68.6900024414062,44.1500015258789,2023-09-02,14.439,"Deer Isle 1",14.439
"80",-68.6900024414062,44.1500015258789,2023-09-03,14.439,"Deer Isle 1",14.439
"81",-68.6900024414062,44.1500015258789,2023-09-04,14.846,"Deer Isle 1",14.846
"82",-68.6900024414062,44.1500015258789,2023-09-05,15.646,"Deer Isle 1",15.646
"83",-68.6900024414062,44.1500015258789,2023-09-06,16.36,"Deer Isle 1",16.36
"84",-68.6900024414062,44.1500015258789,2023-09-07,16.778,"Deer Isle 1",16.778
"85",-68.6900024414062,44.1500015258789,2023-09-08,16.682,"Deer Isle 1",16.682
"86",-68.6900024414062,44.1500015258789,2023-09-09,16.651,"Deer Isle 1",16.651
"87",-68.6900024414062,44.1500015258789,2023-09-10,16.599,"Deer Isle 1",16.599
"88",-68.6900024414062,44.1500015258789,2023-09-11,16.039,"Deer Isle 1",16.039
"89",-68.6900024414062,44.1500015258789,2023-09-12,15.765,"Deer Isle 1",15.765
"90",-68.6900024414062,44.1500015258789,2023-09-13,15.063,"Deer Isle 1",15.063
"91",-68.6900024414062,44.1500015258789,2023-09-14,15.456,"Deer Isle 1",15.456
"92",-68.6900024414062,44.1500015258789,2023-09-15,15.608,"Deer Isle 1",15.608
"93",-68.6900024414062,44.1500015258789,2023-09-16,15.421,"Deer Isle 1",15.421
"94",-68.6900024414062,44.1500015258789,2023-09-17,14.471,"Deer Isle 1",14.471
"95",-68.6900024414062,44.1500015258789,2023-09-18,14.647,"Deer Isle 1",14.647
"96",-68.6900024414062,44.1500015258789,2023-09-19,14.484,"Deer Isle 1",14.484
"97",-68.6900024414062,44.1500015258789,2023-09-20,14.319,"Deer Isle 1",14.319
"98",-68.6900024414062,44.1500015258789,2023-09-21,14.364,"Deer Isle 1",14.364
"99",-68.6900024414062,44.1500015258789,2023-09-22,14.443,"Deer Isle 1",14.443
"100",-68.6900024414062,44.1500015258789,2023-09-23,14.535,"Deer Isle 1",14.535
"101",-68.6900024414062,44.1500015258789,2023-09-24,14.711,"Deer Isle 1",14.711
"102",-68.6900024414062,44.1500015258789,2023-09-25,14.482,"Deer Isle 1",14.482
"103",-68.6900024414062,44.1500015258789,2023-09-26,14.076,"Deer Isle 1",14.076
"104",-68.6900024414062,44.1500015258789,2023-09-27,13.91,"Deer Isle 1",13.91
"105",-68.6900024414062,44.1500015258789,2023-09-28,13.701,"Deer Isle 1",13.701
"106",-68.6900024414062,44.1500015258789,2023-09-29,13.841,"Deer Isle 1",13.841
"107",-68.6900024414062,44.1500015258789,2023-09-30,13.99,"Deer Isle 1",13.99
"108",-68.6900024414062,44.1500015258789,2023-10-01,14.139,"Deer Isle 1",14.139
"109",-68.6900024414062,44.1500015258789,2023-10-02,14.234,"Deer Isle 1",14.234
"110",-68.6900024414062,44.1500015258789,2023-10-03,14.159,"Deer Isle 1",14.159
"111",-68.6900024414062,44.1500015258789,2023-10-04,14.134,"Deer Isle 1",14.134
"112",-68.6900024414062,44.1500015258789,2023-10-05,14.604,"Deer Isle 1",14.604
"113",-68.6900024414062,44.1500015258789,2023-10-06,14.949,"Deer Isle 1",14.949
"114",-68.6900024414062,44.1500015258789,2023-10-07,14.16,"Deer Isle 1",14.16
"115",-68.6900024414062,44.1500015258789,2023-10-08,14.325,"Deer Isle 1",14.325
"116",-68.6900024414062,44.1500015258789,2023-10-09,14.314,"Deer Isle 1",14.314
"117",-68.6900024414062,44.1500015258789,2023-10-10,14.342,"Deer Isle 1",14.342
"118",-68.6900024414062,44.1500015258789,2023-10-11,14.229,"Deer Isle 1",14.229
"119",-68.6900024414062,44.1500015258789,2023-10-12,14.009,"Deer Isle 1",14.009
"120",-68.6900024414062,44.1500015258789,2023-10-13,13.856,"Deer Isle 1",13.856
"121",-68.6900024414062,44.1500015258789,2023-10-14,13.479,"Deer Isle 1",13.479
"122",-68.6900024414062,44.1500015258789,2023-10-15,13.312,"Deer Isle 1",13.312
"123",-68.6900024414062,44.1500015258789,2023-10-16,13.5,"Deer Isle 1",13.5
"124",-68.6900024414062,44.1500015258789,2023-10-17,13.262,"Deer Isle 1",13.262
"125",-68.6900024414062,44.1500015258789,2023-10-18,12.8,"Deer Isle 1",12.8
"126",-68.6900024414062,44.1500015258789,2023-10-19,12.791,"Deer Isle 1",12.791
"127",-68.6900024414062,44.1500015258789,2023-10-20,12.823,"Deer Isle 1",12.823
"128",-68.6900024414062,44.1500015258789,2023-10-21,12.759,"Deer Isle 1",12.759
"129",-68.6900024414062,44.1500015258789,2023-10-22,13.11,"Deer Isle 1",13.11
"130",-68.6900024414062,44.1500015258789,2023-10-23,13.067,"Deer Isle 1",13.067
"131",-68.6900024414062,44.1500015258789,2023-10-24,12.974,"Deer Isle 1",12.974
"132",-68.6900024414062,44.1500015258789,2023-10-25,13.046,"Deer Isle 1",13.046
"133",-68.6900024414062,44.1500015258789,2023-10-26,13.155,"Deer Isle 1",13.155
"134",-68.6900024414062,44.1500015258789,2023-10-27,13.654,"Deer Isle 1",13.654
"135",-68.6900024414062,44.1500015258789,2023-10-28,13.316,"Deer Isle 1",13.316
"136",-68.6900024414062,44.1500015258789,2023-10-29,13.211,"Deer Isle 1",13.211
"137",-68.6900024414062,44.1500015258789,2023-10-30,12.92,"Deer Isle 1",12.92
"138",-68.6900024414062,44.1500015258789,2023-10-31,12.792,"Deer Isle 1",12.792
"139",-68.6900024414062,44.1500015258789,2023-11-01,12.2,"Deer Isle 1",12.2
"140",-68.6900024414062,44.1500015258789,2023-11-02,12.112,"Deer Isle 1",12.112
"141",-68.6900024414062,44.1500015258789,2023-11-03,12.152,"Deer Isle 1",12.152
"142",-68.6900024414062,44.1500015258789,2023-11-04,11.875,"Deer Isle 1",11.875
"143",-68.6900024414062,44.1500015258789,2023-11-05,11.583,"Deer Isle 1",11.583
"144",-68.6900024414062,44.1500015258789,2023-11-06,11.345,"Deer Isle 1",11.345
"145",-68.6900024414062,44.1500015258789,2023-11-07,11.166,"Deer Isle 1",11.166
"146",-68.6900024414062,44.1500015258789,2023-11-08,11.05,"Deer Isle 1",11.05
"147",-68.6900024414062,44.1500015258789,2023-11-09,10.809,"Deer Isle 1",10.809
"148",-68.6900024414062,44.1500015258789,2023-11-10,10.411,"Deer Isle 1",10.411
"149",-68.6900024414062,44.1500015258789,2023-11-11,10.461,"Deer Isle 1",10.461
"150",-68.6900024414062,44.1500015258789,2023-11-12,10.412,"Deer Isle 1",10.412
"151",-68.6900024414062,44.1500015258789,2023-11-13,10.252,"Deer Isle 1",10.252
"152",-68.6900024414062,44.1500015258789,2023-11-14,10.003,"Deer Isle 1",10.003
"153",-68.6900024414062,44.1500015258789,2023-11-15,10.036,"Deer Isle 1",10.036
"154",-68.6900024414062,44.1500015258789,2023-11-16,10.03,"Deer Isle 1",10.03
"155",-68.6900024414062,44.1500015258789,2023-11-17,9.99,"Deer Isle 1",9.99
"156",-68.6900024414062,44.1500015258789,2023-11-18,9.916,"Deer Isle 1",9.916
"157",-68.6900024414062,44.1500015258789,2023-11-19,9.883,"Deer Isle 1",9.883
"158",-68.6900024414062,44.1500015258789,2023-11-20,9.737,"Deer Isle 1",9.737
"159",-68.6900024414062,44.1500015258789,2023-11-21,9.587,"Deer Isle 1",9.587
"160",-68.6900024414062,44.1500015258789,2023-11-22,9.454,"Deer Isle 1",9.454
"161",-68.6900024414062,44.1500015258789,2023-11-23,9,"Deer Isle 1",9
"162",-68.6900024414062,44.1500015258789,2023-11-24,8.998,"Deer Isle 1",8.998
"163",-68.6900024414062,44.1500015258789,2023-11-25,9.169,"Deer Isle 1",9.169
"164",-68.6900024414062,44.1500015258789,2023-11-26,9.189,"Deer Isle 1",9.189
"165",-68.6900024414062,44.1500015258789,2023-11-27,8.378,"Deer Isle 1",8.378
"166",-68.6900024414062,44.1500015258789,2023-11-28,8.036,"Deer Isle 1",8.036
"167",-68.6900024414062,44.1500015258789,2023-11-29,7.828,"Deer Isle 1",7.828
"168",-68.6900024414062,44.1500015258789,2023-11-30,7.739,"Deer Isle 1",7.739
"169",-68.6900024414062,44.1500015258789,2023-12-01,7.801,"Deer Isle 1",7.801
"170",-68.6900024414062,44.1500015258789,2023-12-02,7.816,"Deer Isle 1",7.816
"171",-68.6900024414062,44.1500015258789,2023-12-03,7.879,"Deer Isle 1",7.879
"172",-68.6900024414062,44.1500015258789,2023-12-04,7.563,"Deer Isle 1",7.563
"173",-68.6900024414062,44.1500015258789,2023-12-05,7.491,"Deer Isle 1",7.491
"174",-68.6900024414062,44.1500015258789,2023-12-06,6.992,"Deer Isle 1",6.992
"175",-68.6900024414062,44.1500015258789,2023-12-07,6.777,"Deer Isle 1",6.777
"176",-68.6900024414062,44.1500015258789,2023-12-08,6.772,"Deer Isle 1",6.772
"177",-68.6900024414062,44.1500015258789,2023-12-09,6.711,"Deer Isle 1",6.711
"178",-68.6900024414062,44.1500015258789,2023-12-10,6.768,"Deer Isle 1",6.768
"179",-68.6900024414062,44.1500015258789,2023-12-11,6.706,"Deer Isle 1",6.706
"180",-68.6900024414062,44.1500015258789,2023-12-12,6.718,"Deer Isle 1",6.718
"181",-68.6900024414062,44.1500015258789,2023-12-13,6.712,"Deer Isle 1",6.712
"182",-68.6900024414062,44.1500015258789,2023-12-14,6.254,"Deer Isle 1",6.254
"183",-68.6900024414062,44.1500015258789,2023-12-15,6.151,"Deer Isle 1",6.151
"184",-68.6900024414062,44.1500015258789,2023-12-16,6.215,"Deer Isle 1",6.215
"185",-68.6900024414062,44.1500015258789,2023-12-17,6.545,"Deer Isle 1",6.545
"186",-68.6900024414062,44.1500015258789,2023-12-18,7.011,"Deer Isle 1",7.011
"187",-68.6900024414062,44.1500015258789,2023-12-19,7.064,"Deer Isle 1",7.064
"188",-68.6900024414062,44.1500015258789,2023-12-20,6.939,"Deer Isle 1",6.939
"189",-68.6900024414062,44.1500015258789,2023-12-21,6.305,"Deer Isle 1",6.305
"190",-68.6900024414062,44.1500015258789,2023-12-22,6.113,"Deer Isle 1",6.113
"191",-68.6900024414062,44.1500015258789,2023-12-23,5.753,"Deer Isle 1",5.753
"192",-68.6900024414062,44.1500015258789,2023-12-24,5.632,"Deer Isle 1",5.632
"193",-68.6900024414062,44.1500015258789,2023-12-25,5.697,"Deer Isle 1",5.697
"194",-68.6900024414062,44.1500015258789,2023-12-26,5.699,"Deer Isle 1",5.699
"195",-68.6900024414062,44.1500015258789,2023-12-27,5.747,"Deer Isle 1",5.747
"196",-68.6900024414062,44.1500015258789,2023-12-28,5.83,"Deer Isle 1",5.83
"197",-68.6900024414062,44.1500015258789,2023-12-29,4.964,"Deer Isle 1",4.964
"198",-68.6900024414062,44.1500015258789,2023-12-30,4.834,"Deer Isle 1",4.834
"199",-68.6900024414062,44.1500015258789,2023-12-31,4.927,"Deer Isle 1",4.927
"200",-68.6900024414062,44.1500015258789,2024-01-01,5.253,"Deer Isle 1",5.253
"201",-68.6900024414062,44.1500015258789,2024-01-02,5.249,"Deer Isle 1",5.249
"202",-68.6900024414062,44.1500015258789,2024-01-03,5.268,"Deer Isle 1",5.268
"203",-68.6900024414062,44.1500015258789,2024-01-04,5.192,"Deer Isle 1",5.192
"204",-68.6900024414062,44.1500015258789,2024-01-05,5.044,"Deer Isle 1",5.044
"205",-68.6900024414062,44.1500015258789,2024-01-06,4.914,"Deer Isle 1",4.914
"206",-68.6900024414062,44.1500015258789,2024-01-07,4.895,"Deer Isle 1",4.895
"207",-68.6900024414062,44.1500015258789,2024-01-08,4.494,"Deer Isle 1",4.494
"208",-68.6900024414062,44.1500015258789,2024-01-09,4.329,"Deer Isle 1",4.329
"209",-68.6900024414062,44.1500015258789,2024-01-10,4.396,"Deer Isle 1",4.396
"210",-68.6900024414062,44.1500015258789,2024-01-11,4.32,"Deer Isle 1",4.32
"211",-68.6900024414062,44.1500015258789,2024-01-12,4.416,"Deer Isle 1",4.416
"212",-68.6900024414062,44.1500015258789,2024-01-13,4.364,"Deer Isle 1",4.364
"213",-68.6900024414062,44.1500015258789,2024-01-14,4.04,"Deer Isle 1",4.04
"214",-68.6900024414062,44.1500015258789,2024-01-15,3.977,"Deer Isle 1",3.977
"215",-68.6900024414062,44.1500015258789,2024-01-16,3.817,"Deer Isle 1",3.817
"216",-68.6900024414062,44.1500015258789,2024-01-17,3.56,"Deer Isle 1",3.56
"217",-68.6900024414062,44.1500015258789,2024-01-18,3.369,"Deer Isle 1",3.369
"218",-68.6900024414062,44.1500015258789,2024-01-19,3.195,"Deer Isle 1",3.195
"219",-68.6900024414062,44.1500015258789,2024-01-20,3.332,"Deer Isle 1",3.332
"220",-68.6900024414062,44.1500015258789,2024-01-21,3.208,"Deer Isle 1",3.208
"221",-68.6900024414062,44.1500015258789,2024-01-22,3.099,"Deer Isle 1",3.099
"222",-68.6900024414062,44.1500015258789,2024-01-23,3.297,"Deer Isle 1",3.297
"223",-68.6900024414062,44.1500015258789,2024-01-24,3.39,"Deer Isle 1",3.39
"224",-68.6900024414062,44.1500015258789,2024-01-25,3.365,"Deer Isle 1",3.365
"225",-68.6900024414062,44.1500015258789,2024-01-26,3.527,"Deer Isle 1",3.527
"226",-68.6900024414062,44.1500015258789,2024-01-27,3.702,"Deer Isle 1",3.702
"227",-68.6900024414062,44.1500015258789,2024-01-28,3.542,"Deer Isle 1",3.542
"228",-68.6900024414062,44.1500015258789,2024-01-29,3.172,"Deer Isle 1",3.172
"229",-68.6900024414062,44.1500015258789,2024-01-30,3.179,"Deer Isle 1",3.179
"230",-68.6900024414062,44.1500015258789,2024-01-31,2.478,"Deer Isle 1",2.478
"231",-68.6900024414062,44.1500015258789,2024-02-01,2.394,"Deer Isle 1",2.394
"232",-68.6900024414062,44.1500015258789,2024-02-02,2.546,"Deer Isle 1",2.546
"233",-68.6900024414062,44.1500015258789,2024-02-03,2.559,"Deer Isle 1",2.559
"234",-68.6900024414062,44.1500015258789,2024-02-04,2.442,"Deer Isle 1",2.442
"235",-68.6900024414062,44.1500015258789,2024-02-05,2.487,"Deer Isle 1",2.487
"236",-68.6900024414062,44.1500015258789,2024-02-06,2.424,"Deer Isle 1",2.424
"237",-68.6900024414062,44.1500015258789,2024-02-07,2.415,"Deer Isle 1",2.415
"238",-68.6900024414062,44.1500015258789,2024-02-08,2.445,"Deer Isle 1",2.445
"239",-68.6900024414062,44.1500015258789,2024-02-09,2.537,"Deer Isle 1",2.537
"240",-68.6900024414062,44.1500015258789,2024-02-10,2.636,"Deer Isle 1",2.636
"241",-68.6900024414062,44.1500015258789,2024-02-11,2.675,"Deer Isle 1",2.675
"242",-68.6900024414062,44.1500015258789,2024-02-12,2.766,"Deer Isle 1",2.766
"243",-68.6900024414062,44.1500015258789,2024-02-13,2.741,"Deer Isle 1",2.741
"244",-68.6900024414062,44.1500015258789,2024-02-14,2.814,"Deer Isle 1",2.814
"245",-68.6900024414062,44.1500015258789,2024-02-15,2.424,"Deer Isle 1",2.424
"246",-68.6900024414062,44.1500015258789,2024-02-16,2.097,"Deer Isle 1",2.097
"247",-68.6900024414062,44.1500015258789,2024-02-17,2.115,"Deer Isle 1",2.115
"248",-68.6900024414062,44.1500015258789,2024-02-18,2.014,"Deer Isle 1",2.014
"249",-68.6900024414062,44.1500015258789,2024-02-19,1.712,"Deer Isle 1",1.712
"250",-68.6900024414062,44.1500015258789,2024-02-20,1.659,"Deer Isle 1",1.659
"251",-68.6900024414062,44.1500015258789,2024-02-21,1.745,"Deer Isle 1",1.745
"252",-68.6900024414062,44.1500015258789,2024-02-22,1.849,"Deer Isle 1",1.849
"253",-68.6900024414062,44.1500015258789,2024-02-23,2.114,"Deer Isle 1",2.114
"254",-68.6900024414062,44.1500015258789,2024-02-24,1.891,"Deer Isle 1",1.891
"255",-68.6900024414062,44.1500015258789,2024-02-25,1.935,"Deer Isle 1",1.935
"256",-68.6900024414062,44.1500015258789,2024-02-26,1.951,"Deer Isle 1",1.951
"257",-68.6900024414062,44.1500015258789,2024-02-27,1.919,"Deer Isle 1",1.919
"258",-68.6900024414062,44.1500015258789,2024-02-28,1.913,"Deer Isle 1",1.913
"259",-68.6900024414062,44.1500015258789,2024-02-29,2.218,"Deer Isle 1",2.218
"260",-68.6900024414062,44.1500015258789,2024-03-01,2.046,"Deer Isle 1",2.046
"261",-68.6900024414062,44.1500015258789,2024-03-02,2.109,"Deer Isle 1",2.109
"262",-68.6900024414062,44.1500015258789,2024-03-03,2.236,"Deer Isle 1",2.236
"263",-68.6900024414062,44.1500015258789,2024-03-04,2.535,"Deer Isle 1",2.535
"264",-68.6900024414062,44.1500015258789,2024-03-05,2.59,"Deer Isle 1",2.59
"265",-68.6900024414062,44.1500015258789,2024-03-06,2.441,"Deer Isle 1",2.441
"266",-68.6900024414062,44.1500015258789,2024-03-07,3.137,"Deer Isle 1",3.137
"267",-68.6900024414062,44.1500015258789,2024-03-08,3.251,"Deer Isle 1",3.251
"268",-68.6900024414062,44.1500015258789,2024-03-09,3.325,"Deer Isle 1",3.325
"269",-68.6900024414062,44.1500015258789,2024-03-10,3.288,"Deer Isle 1",3.288
"270",-68.6900024414062,44.1500015258789,2024-03-11,3.33,"Deer Isle 1",3.33
"271",-68.6900024414062,44.1500015258789,2024-03-12,3.26,"Deer Isle 1",3.26
"272",-68.6900024414062,44.1500015258789,2024-03-13,3.213,"Deer Isle 1",3.213
"273",-68.6900024414062,44.1500015258789,2024-03-14,3.228,"Deer Isle 1",3.228
"274",-68.6900024414062,44.1500015258789,2024-03-15,3.298,"Deer Isle 1",3.298
"275",-68.6900024414062,44.1500015258789,2024-03-16,3.776,"Deer Isle 1",3.776
"276",-68.6900024414062,44.1500015258789,2024-03-17,3.742,"Deer Isle 1",3.742
"277",-68.6900024414062,44.1500015258789,2024-03-18,3.656,"Deer Isle 1",3.656
"278",-68.6900024414062,44.1500015258789,2024-03-19,3.407,"Deer Isle 1",3.407
"279",-68.6900024414062,44.1500015258789,2024-03-20,3.168,"Deer Isle 1",3.168
"280",-68.6900024414062,44.1500015258789,2024-03-21,3.171,"Deer Isle 1",3.171
"281",-68.6900024414062,44.1500015258789,2024-03-22,2.988,"Deer Isle 1",2.988
"282",-68.6900024414062,44.1500015258789,2024-03-23,3.013,"Deer Isle 1",3.013
"283",-68.6900024414062,44.1500015258789,2024-03-24,3.166,"Deer Isle 1",3.166
"284",-68.6900024414062,44.1500015258789,2024-03-25,3.655,"Deer Isle 1",3.655
"285",-68.6900024414062,44.1500015258789,2024-03-26,3.704,"Deer Isle 1",3.704
"286",-68.6900024414062,44.1500015258789,2024-03-27,3.705,"Deer Isle 1",3.705
"287",-68.6900024414062,44.1500015258789,2024-03-28,3.623,"Deer Isle 1",3.623
"288",-68.6900024414062,44.1500015258789,2024-03-29,3.846,"Deer Isle 1",3.846
"289",-68.6900024414062,44.1500015258789,2024-03-30,3.854,"Deer Isle 1",3.854
"290",-68.6900024414062,44.1500015258789,2024-03-31,3.814,"Deer Isle 1",3.814
"291",-68.6900024414062,44.1500015258789,2024-04-01,3.785,"Deer Isle 1",3.785
"292",-68.6900024414062,44.1500015258789,2024-04-02,4.2,"Deer Isle 1",4.2
"293",-68.6900024414062,44.1500015258789,2024-04-03,4.474,"Deer Isle 1",4.474
"294",-68.6900024414062,44.1500015258789,2024-04-04,4.414,"Deer Isle 1",4.414
"295",-68.6900024414062,44.1500015258789,2024-04-05,4.393,"Deer Isle 1",4.393
"296",-68.6900024414062,44.1500015258789,2024-04-06,4.063,"Deer Isle 1",4.063
"297",-68.6900024414062,44.1500015258789,2024-04-07,3.995,"Deer Isle 1",3.995
"298",-68.6900024414062,44.1500015258789,2024-04-08,3.902,"Deer Isle 1",3.902
"299",-68.6900024414062,44.1500015258789,2024-04-09,4.217,"Deer Isle 1",4.217
"300",-68.6900024414062,44.1500015258789,2024-04-10,4.307,"Deer Isle 1",4.307
"301",-68.6900024414062,44.1500015258789,2024-04-11,4.325,"Deer Isle 1",4.325
"302",-68.6900024414062,44.1500015258789,2024-04-12,5.196,"Deer Isle 1",5.196
"303",-68.6900024414062,44.1500015258789,2024-04-13,5.305,"Deer Isle 1",5.305
"304",-68.6900024414062,44.1500015258789,2024-04-14,5.544,"Deer Isle 1",5.544
"305",-68.6900024414062,44.1500015258789,2024-04-15,5.611,"Deer Isle 1",5.611
"306",-68.6900024414062,44.1500015258789,2024-04-16,5.92,"Deer Isle 1",5.92
"307",-68.6900024414062,44.1500015258789,2024-04-17,6.019,"Deer Isle 1",6.019
"308",-68.6900024414062,44.1500015258789,2024-04-18,5.969,"Deer Isle 1",5.969
"309",-68.6900024414062,44.1500015258789,2024-04-19,6.174,"Deer Isle 1",6.174
"310",-68.6900024414062,44.1500015258789,2024-04-20,6.293,"Deer Isle 1",6.293
"311",-68.6900024414062,44.1500015258789,2024-04-21,6.518,"Deer Isle 1",6.518
"312",-68.6900024414062,44.1500015258789,2024-04-22,6.557,"Deer Isle 1",6.557
"313",-68.6900024414062,44.1500015258789,2024-04-23,6.537,"Deer Isle 1",6.537
"314",-68.6900024414062,44.1500015258789,2024-04-24,6.539,"Deer Isle 1",6.539
"315",-68.6900024414062,44.1500015258789,2024-04-25,6.118,"Deer Isle 1",6.118
"316",-68.6900024414062,44.1500015258789,2024-04-26,6.076,"Deer Isle 1",6.076
"317",-68.6900024414062,44.1500015258789,2024-04-27,6.095,"Deer Isle 1",6.095
"318",-68.6900024414062,44.1500015258789,2024-04-28,6.349,"Deer Isle 1",6.349
"319",-68.6900024414062,44.1500015258789,2024-04-29,7.122,"Deer Isle 1",7.122
"320",-68.6900024414062,44.1500015258789,2024-04-30,7.192,"Deer Isle 1",7.192
"321",-68.6900024414062,44.1500015258789,2024-05-01,7.44,"Deer Isle 1",7.44
"322",-68.6900024414062,44.1500015258789,2024-05-02,7.492,"Deer Isle 1",7.492
"323",-68.6900024414062,44.1500015258789,2024-05-03,7.502,"Deer Isle 1",7.502
"324",-68.6900024414062,44.1500015258789,2024-05-04,7.478,"Deer Isle 1",7.478
"325",-68.6900024414062,44.1500015258789,2024-05-05,7.457,"Deer Isle 1",7.457
"326",-68.6900024414062,44.1500015258789,2024-05-06,7.768,"Deer Isle 1",7.768
"327",-68.6900024414062,44.1500015258789,2024-05-07,7.794,"Deer Isle 1",7.794
"328",-68.6900024414062,44.1500015258789,2024-05-08,7.961,"Deer Isle 1",7.961
"329",-68.6900024414062,44.1500015258789,2024-05-09,7.653,"Deer Isle 1",7.653
"330",-68.6900024414062,44.1500015258789,2024-05-10,7.527,"Deer Isle 1",7.527
"331",-68.6900024414062,44.1500015258789,2024-05-11,7.718,"Deer Isle 1",7.718
"332",-68.6900024414062,44.1500015258789,2024-05-12,8.029,"Deer Isle 1",8.029
"333",-68.6900024414062,44.1500015258789,2024-05-13,8.178,"Deer Isle 1",8.178
"334",-68.6900024414062,44.1500015258789,2024-05-14,8.278,"Deer Isle 1",8.278
"335",-68.6900024414062,44.1500015258789,2024-05-15,8.296,"Deer Isle 1",8.296
"336",-68.6900024414062,44.1500015258789,2024-05-16,9.323,"Deer Isle 1",9.323
"337",-68.6900024414062,44.1500015258789,2024-05-17,9.731,"Deer Isle 1",9.731
"338",-68.6900024414062,44.1500015258789,2024-05-18,9.567,"Deer Isle 1",9.567
"339",-68.6900024414062,44.1500015258789,2024-05-19,9.993,"Deer Isle 1",9.993
"340",-68.6900024414062,44.1500015258789,2024-05-20,10.328,"Deer Isle 1",10.328
"341",-68.6900024414062,44.1500015258789,2024-05-21,10.876,"Deer Isle 1",10.876
"342",-68.6900024414062,44.1500015258789,2024-05-22,10.804,"Deer Isle 1",10.804
"343",-68.6900024414062,44.1500015258789,2024-05-23,11.055,"Deer Isle 1",11.055
"344",-68.6900024414062,44.1500015258789,2024-05-24,10.653,"Deer Isle 1",10.653
"345",-68.6900024414062,44.1500015258789,2024-05-25,10.39,"Deer Isle 1",10.39
"346",-68.6900024414062,44.1500015258789,2024-05-26,10.577,"Deer Isle 1",10.577
"347",-68.6900024414062,44.1500015258789,2024-05-27,10.485,"Deer Isle 1",10.485
"348",-68.6900024414062,44.1500015258789,2024-05-28,11.107,"Deer Isle 1",11.107
"349",-68.6900024414062,44.1500015258789,2024-05-29,11.342,"Deer Isle 1",11.342
"350",-68.6900024414062,44.1500015258789,2024-05-30,11.209,"Deer Isle 1",11.209
"351",-68.6900024414062,44.1500015258789,2024-05-31,11.069,"Deer Isle 1",11.069
"352",-68.6900024414062,44.1500015258789,2024-06-01,11.121,"Deer Isle 1",11.121
"353",-68.6900024414062,44.1500015258789,2024-06-02,11.203,"Deer Isle 1",11.203
"354",-68.6900024414062,44.1500015258789,2024-06-03,11.167,"Deer Isle 1",11.167
"355",-68.6800003051758,44.2799987792969,2023-06-16,12.351,"Deer Isle2",12.351
"356",-68.6800003051758,44.2799987792969,2023-06-17,12.309,"Deer Isle2",12.309
"357",-68.6800003051758,44.2799987792969,2023-06-18,12.341,"Deer Isle2",12.341
"358",-68.6800003051758,44.2799987792969,2023-06-19,11.807,"Deer Isle2",11.807
"359",-68.6800003051758,44.2799987792969,2023-06-20,11.766,"Deer Isle2",11.766
"360",-68.6800003051758,44.2799987792969,2023-06-21,12.053,"Deer Isle2",12.053
"361",-68.6800003051758,44.2799987792969,2023-06-22,12.647,"Deer Isle2",12.647
"362",-68.6800003051758,44.2799987792969,2023-06-23,12.848,"Deer Isle2",12.848
"363",-68.6800003051758,44.2799987792969,2023-06-24,13.11,"Deer Isle2",13.11
"364",-68.6800003051758,44.2799987792969,2023-06-25,12.389,"Deer Isle2",12.389
"365",-68.6800003051758,44.2799987792969,2023-06-26,12.979,"Deer Isle2",12.979
"366",-68.6800003051758,44.2799987792969,2023-06-27,12.765,"Deer Isle2",12.765
"367",-68.6800003051758,44.2799987792969,2023-06-28,13.79,"Deer Isle2",13.79
"368",-68.6800003051758,44.2799987792969,2023-06-29,13.908,"Deer Isle2",13.908
"369",-68.6800003051758,44.2799987792969,2023-06-30,13.983,"Deer Isle2",13.983
"370",-68.6800003051758,44.2799987792969,2023-07-01,13.809,"Deer Isle2",13.809
"371",-68.6800003051758,44.2799987792969,2023-07-02,14.007,"Deer Isle2",14.007
"372",-68.6800003051758,44.2799987792969,2023-07-03,14.703,"Deer Isle2",14.703
"373",-68.6800003051758,44.2799987792969,2023-07-04,14.858,"Deer Isle2",14.858
"374",-68.6800003051758,44.2799987792969,2023-07-05,14.837,"Deer Isle2",14.837
"375",-68.6800003051758,44.2799987792969,2023-07-06,14.58,"Deer Isle2",14.58
"376",-68.6800003051758,44.2799987792969,2023-07-07,14.69,"Deer Isle2",14.69
"377",-68.6800003051758,44.2799987792969,2023-07-08,14.766,"Deer Isle2",14.766
"378",-68.6800003051758,44.2799987792969,2023-07-09,14.971,"Deer Isle2",14.971
"379",-68.6800003051758,44.2799987792969,2023-07-10,16.263,"Deer Isle2",16.263
"380",-68.6800003051758,44.2799987792969,2023-07-11,16.647,"Deer Isle2",16.647
"381",-68.6800003051758,44.2799987792969,2023-07-12,16.842,"Deer Isle2",16.842
"382",-68.6800003051758,44.2799987792969,2023-07-13,16.862,"Deer Isle2",16.862
"383",-68.6800003051758,44.2799987792969,2023-07-14,16.823,"Deer Isle2",16.823
"384",-68.6800003051758,44.2799987792969,2023-07-15,16.504,"Deer Isle2",16.504
"385",-68.6800003051758,44.2799987792969,2023-07-16,16.248,"Deer Isle2",16.248
"386",-68.6800003051758,44.2799987792969,2023-07-17,16.293,"Deer Isle2",16.293
"387",-68.6800003051758,44.2799987792969,2023-07-18,16.185,"Deer Isle2",16.185
"388",-68.6800003051758,44.2799987792969,2023-07-19,15.894,"Deer Isle2",15.894
"389",-68.6800003051758,44.2799987792969,2023-07-20,15.167,"Deer Isle2",15.167
"390",-68.6800003051758,44.2799987792969,2023-07-21,14.606,"Deer Isle2",14.606
"391",-68.6800003051758,44.2799987792969,2023-07-22,15.741,"Deer Isle2",15.741
"392",-68.6800003051758,44.2799987792969,2023-07-23,16.859,"Deer Isle2",16.859
"393",-68.6800003051758,44.2799987792969,2023-07-24,18.839,"Deer Isle2",18.839
"394",-68.6800003051758,44.2799987792969,2023-07-25,18.786,"Deer Isle2",18.786
"395",-68.6800003051758,44.2799987792969,2023-07-26,18.929,"Deer Isle2",18.929
"396",-68.6800003051758,44.2799987792969,2023-07-27,18.491,"Deer Isle2",18.491
"397",-68.6800003051758,44.2799987792969,2023-07-28,18.445,"Deer Isle2",18.445
"398",-68.6800003051758,44.2799987792969,2023-07-29,18.723,"Deer Isle2",18.723
"399",-68.6800003051758,44.2799987792969,2023-07-30,18.314,"Deer Isle2",18.314
"400",-68.6800003051758,44.2799987792969,2023-07-31,16.602,"Deer Isle2",16.602
"401",-68.6800003051758,44.2799987792969,2023-08-01,16.46,"Deer Isle2",16.46
"402",-68.6800003051758,44.2799987792969,2023-08-02,16.424,"Deer Isle2",16.424
"403",-68.6800003051758,44.2799987792969,2023-08-03,16.186,"Deer Isle2",16.186
"404",-68.6800003051758,44.2799987792969,2023-08-04,16.199,"Deer Isle2",16.199
"405",-68.6800003051758,44.2799987792969,2023-08-05,16.101,"Deer Isle2",16.101
"406",-68.6800003051758,44.2799987792969,2023-08-06,15.926,"Deer Isle2",15.926
"407",-68.6800003051758,44.2799987792969,2023-08-07,15.426,"Deer Isle2",15.426
"408",-68.6800003051758,44.2799987792969,2023-08-08,15.531,"Deer Isle2",15.531
"409",-68.6800003051758,44.2799987792969,2023-08-09,15.388,"Deer Isle2",15.388
"410",-68.6800003051758,44.2799987792969,2023-08-10,15.333,"Deer Isle2",15.333
"411",-68.6800003051758,44.2799987792969,2023-08-11,15.455,"Deer Isle2",15.455
"412",-68.6800003051758,44.2799987792969,2023-08-12,15.693,"Deer Isle2",15.693
"413",-68.6800003051758,44.2799987792969,2023-08-13,16.026,"Deer Isle2",16.026
"414",-68.6800003051758,44.2799987792969,2023-08-14,16.705,"Deer Isle2",16.705
"415",-68.6800003051758,44.2799987792969,2023-08-15,16.832,"Deer Isle2",16.832
"416",-68.6800003051758,44.2799987792969,2023-08-16,16.723,"Deer Isle2",16.723
"417",-68.6800003051758,44.2799987792969,2023-08-17,16.916,"Deer Isle2",16.916
"418",-68.6800003051758,44.2799987792969,2023-08-18,16.493,"Deer Isle2",16.493
"419",-68.6800003051758,44.2799987792969,2023-08-19,16.6,"Deer Isle2",16.6
"420",-68.6800003051758,44.2799987792969,2023-08-20,16.45,"Deer Isle2",16.45
"421",-68.6800003051758,44.2799987792969,2023-08-21,16.943,"Deer Isle2",16.943
"422",-68.6800003051758,44.2799987792969,2023-08-22,17.187,"Deer Isle2",17.187
"423",-68.6800003051758,44.2799987792969,2023-08-23,16.785,"Deer Isle2",16.785
"424",-68.6800003051758,44.2799987792969,2023-08-24,16.4,"Deer Isle2",16.4
"425",-68.6800003051758,44.2799987792969,2023-08-25,16.607,"Deer Isle2",16.607
"426",-68.6800003051758,44.2799987792969,2023-08-26,15.783,"Deer Isle2",15.783
"427",-68.6800003051758,44.2799987792969,2023-08-27,15.843,"Deer Isle2",15.843
"428",-68.6800003051758,44.2799987792969,2023-08-28,15.78,"Deer Isle2",15.78
"429",-68.6800003051758,44.2799987792969,2023-08-29,15.722,"Deer Isle2",15.722
"430",-68.6800003051758,44.2799987792969,2023-08-30,15.143,"Deer Isle2",15.143
"431",-68.6800003051758,44.2799987792969,2023-08-31,14.758,"Deer Isle2",14.758
"432",-68.6800003051758,44.2799987792969,2023-09-01,14.562,"Deer Isle2",14.562
"433",-68.6800003051758,44.2799987792969,2023-09-02,14.53,"Deer Isle2",14.53
"434",-68.6800003051758,44.2799987792969,2023-09-03,14.4,"Deer Isle2",14.4
"435",-68.6800003051758,44.2799987792969,2023-09-04,14.805,"Deer Isle2",14.805
"436",-68.6800003051758,44.2799987792969,2023-09-05,15.365,"Deer Isle2",15.365
"437",-68.6800003051758,44.2799987792969,2023-09-06,16.126,"Deer Isle2",16.126
"438",-68.6800003051758,44.2799987792969,2023-09-07,16.27,"Deer Isle2",16.27
"439",-68.6800003051758,44.2799987792969,2023-09-08,16.504,"Deer Isle2",16.504
"440",-68.6800003051758,44.2799987792969,2023-09-09,16.38,"Deer Isle2",16.38
"441",-68.6800003051758,44.2799987792969,2023-09-10,16.399,"Deer Isle2",16.399
"442",-68.6800003051758,44.2799987792969,2023-09-11,15.852,"Deer Isle2",15.852
"443",-68.6800003051758,44.2799987792969,2023-09-12,15.424,"Deer Isle2",15.424
"444",-68.6800003051758,44.2799987792969,2023-09-13,14.184,"Deer Isle2",14.184
"445",-68.6800003051758,44.2799987792969,2023-09-14,14.499,"Deer Isle2",14.499
"446",-68.6800003051758,44.2799987792969,2023-09-15,14.635,"Deer Isle2",14.635
"447",-68.6800003051758,44.2799987792969,2023-09-16,15.293,"Deer Isle2",15.293
"448",-68.6800003051758,44.2799987792969,2023-09-17,14.326,"Deer Isle2",14.326
"449",-68.6800003051758,44.2799987792969,2023-09-18,14.912,"Deer Isle2",14.912
"450",-68.6800003051758,44.2799987792969,2023-09-19,14.7,"Deer Isle2",14.7
"451",-68.6800003051758,44.2799987792969,2023-09-20,14.644,"Deer Isle2",14.644
"452",-68.6800003051758,44.2799987792969,2023-09-21,14.516,"Deer Isle2",14.516
"453",-68.6800003051758,44.2799987792969,2023-09-22,14.55,"Deer Isle2",14.55
"454",-68.6800003051758,44.2799987792969,2023-09-23,14.831,"Deer Isle2",14.831
"455",-68.6800003051758,44.2799987792969,2023-09-24,14.97,"Deer Isle2",14.97
"456",-68.6800003051758,44.2799987792969,2023-09-25,14.872,"Deer Isle2",14.872
"457",-68.6800003051758,44.2799987792969,2023-09-26,14.204,"Deer Isle2",14.204
"458",-68.6800003051758,44.2799987792969,2023-09-27,13.984,"Deer Isle2",13.984
"459",-68.6800003051758,44.2799987792969,2023-09-28,13.842,"Deer Isle2",13.842
"460",-68.6800003051758,44.2799987792969,2023-09-29,13.88,"Deer Isle2",13.88
"461",-68.6800003051758,44.2799987792969,2023-09-30,14.18,"Deer Isle2",14.18
"462",-68.6800003051758,44.2799987792969,2023-10-01,14.456,"Deer Isle2",14.456
"463",-68.6800003051758,44.2799987792969,2023-10-02,14.518,"Deer Isle2",14.518
"464",-68.6800003051758,44.2799987792969,2023-10-03,14.277,"Deer Isle2",14.277
"465",-68.6800003051758,44.2799987792969,2023-10-04,14.291,"Deer Isle2",14.291
"466",-68.6800003051758,44.2799987792969,2023-10-05,15.167,"Deer Isle2",15.167
"467",-68.6800003051758,44.2799987792969,2023-10-06,15.31,"Deer Isle2",15.31
"468",-68.6800003051758,44.2799987792969,2023-10-07,14.43,"Deer Isle2",14.43
"469",-68.6800003051758,44.2799987792969,2023-10-08,14.513,"Deer Isle2",14.513
"470",-68.6800003051758,44.2799987792969,2023-10-09,14.437,"Deer Isle2",14.437
"471",-68.6800003051758,44.2799987792969,2023-10-10,14.47,"Deer Isle2",14.47
"472",-68.6800003051758,44.2799987792969,2023-10-11,14.367,"Deer Isle2",14.367
"473",-68.6800003051758,44.2799987792969,2023-10-12,14.05,"Deer Isle2",14.05
"474",-68.6800003051758,44.2799987792969,2023-10-13,13.768,"Deer Isle2",13.768
"475",-68.6800003051758,44.2799987792969,2023-10-14,13.45,"Deer Isle2",13.45
"476",-68.6800003051758,44.2799987792969,2023-10-15,13.366,"Deer Isle2",13.366
"477",-68.6800003051758,44.2799987792969,2023-10-16,13.424,"Deer Isle2",13.424
"478",-68.6800003051758,44.2799987792969,2023-10-17,13.291,"Deer Isle2",13.291
"479",-68.6800003051758,44.2799987792969,2023-10-18,12.916,"Deer Isle2",12.916
"480",-68.6800003051758,44.2799987792969,2023-10-19,12.885,"Deer Isle2",12.885
"481",-68.6800003051758,44.2799987792969,2023-10-20,12.932,"Deer Isle2",12.932
"482",-68.6800003051758,44.2799987792969,2023-10-21,12.884,"Deer Isle2",12.884
"483",-68.6800003051758,44.2799987792969,2023-10-22,13.076,"Deer Isle2",13.076
"484",-68.6800003051758,44.2799987792969,2023-10-23,13.147,"Deer Isle2",13.147
"485",-68.6800003051758,44.2799987792969,2023-10-24,13.165,"Deer Isle2",13.165
"486",-68.6800003051758,44.2799987792969,2023-10-25,13.091,"Deer Isle2",13.091
"487",-68.6800003051758,44.2799987792969,2023-10-26,13.35,"Deer Isle2",13.35
"488",-68.6800003051758,44.2799987792969,2023-10-27,13.594,"Deer Isle2",13.594
"489",-68.6800003051758,44.2799987792969,2023-10-28,13.518,"Deer Isle2",13.518
"490",-68.6800003051758,44.2799987792969,2023-10-29,13.418,"Deer Isle2",13.418
"491",-68.6800003051758,44.2799987792969,2023-10-30,13.22,"Deer Isle2",13.22
"492",-68.6800003051758,44.2799987792969,2023-10-31,12.691,"Deer Isle2",12.691
"493",-68.6800003051758,44.2799987792969,2023-11-01,12.247,"Deer Isle2",12.247
"494",-68.6800003051758,44.2799987792969,2023-11-02,12.13,"Deer Isle2",12.13
"495",-68.6800003051758,44.2799987792969,2023-11-03,12.185,"Deer Isle2",12.185
"496",-68.6800003051758,44.2799987792969,2023-11-04,11.931,"Deer Isle2",11.931
"497",-68.6800003051758,44.2799987792969,2023-11-05,11.726,"Deer Isle2",11.726
"498",-68.6800003051758,44.2799987792969,2023-11-06,11.541,"Deer Isle2",11.541
"499",-68.6800003051758,44.2799987792969,2023-11-07,11.435,"Deer Isle2",11.435
"500",-68.6800003051758,44.2799987792969,2023-11-08,11.422,"Deer Isle2",11.422
"501",-68.6800003051758,44.2799987792969,2023-11-09,11.242,"Deer Isle2",11.242
"502",-68.6800003051758,44.2799987792969,2023-11-10,10.371,"Deer Isle2",10.371
"503",-68.6800003051758,44.2799987792969,2023-11-11,10.472,"Deer Isle2",10.472
"504",-68.6800003051758,44.2799987792969,2023-11-12,10.477,"Deer Isle2",10.477
"505",-68.6800003051758,44.2799987792969,2023-11-13,10.108,"Deer Isle2",10.108
"506",-68.6800003051758,44.2799987792969,2023-11-14,9.933,"Deer Isle2",9.933
"507",-68.6800003051758,44.2799987792969,2023-11-15,9.98,"Deer Isle2",9.98
"508",-68.6800003051758,44.2799987792969,2023-11-16,10.062,"Deer Isle2",10.062
"509",-68.6800003051758,44.2799987792969,2023-11-17,10.021,"Deer Isle2",10.021
"510",-68.6800003051758,44.2799987792969,2023-11-18,9.947,"Deer Isle2",9.947
"511",-68.6800003051758,44.2799987792969,2023-11-19,9.904,"Deer Isle2",9.904
"512",-68.6800003051758,44.2799987792969,2023-11-20,9.677,"Deer Isle2",9.677
"513",-68.6800003051758,44.2799987792969,2023-11-21,9.439,"Deer Isle2",9.439
"514",-68.6800003051758,44.2799987792969,2023-11-22,9.129,"Deer Isle2",9.129
"515",-68.6800003051758,44.2799987792969,2023-11-23,9.151,"Deer Isle2",9.151
"516",-68.6800003051758,44.2799987792969,2023-11-24,9.232,"Deer Isle2",9.232
"517",-68.6800003051758,44.2799987792969,2023-11-25,9.147,"Deer Isle2",9.147
"518",-68.6800003051758,44.2799987792969,2023-11-26,9.022,"Deer Isle2",9.022
"519",-68.6800003051758,44.2799987792969,2023-11-27,8.203,"Deer Isle2",8.203
"520",-68.6800003051758,44.2799987792969,2023-11-28,7.869,"Deer Isle2",7.869
"521",-68.6800003051758,44.2799987792969,2023-11-29,7.726,"Deer Isle2",7.726
"522",-68.6800003051758,44.2799987792969,2023-11-30,7.573,"Deer Isle2",7.573
"523",-68.6800003051758,44.2799987792969,2023-12-01,7.508,"Deer Isle2",7.508
"524",-68.6800003051758,44.2799987792969,2023-12-02,7.643,"Deer Isle2",7.643
"525",-68.6800003051758,44.2799987792969,2023-12-03,7.572,"Deer Isle2",7.572
"526",-68.6800003051758,44.2799987792969,2023-12-04,7.329,"Deer Isle2",7.329
"527",-68.6800003051758,44.2799987792969,2023-12-05,7.233,"Deer Isle2",7.233
"528",-68.6800003051758,44.2799987792969,2023-12-06,6.648,"Deer Isle2",6.648
"529",-68.6800003051758,44.2799987792969,2023-12-07,6.307,"Deer Isle2",6.307
"530",-68.6800003051758,44.2799987792969,2023-12-08,6.161,"Deer Isle2",6.161
"531",-68.6800003051758,44.2799987792969,2023-12-09,6.191,"Deer Isle2",6.191
"532",-68.6800003051758,44.2799987792969,2023-12-10,6.391,"Deer Isle2",6.391
"533",-68.6800003051758,44.2799987792969,2023-12-11,6.274,"Deer Isle2",6.274
"534",-68.6800003051758,44.2799987792969,2023-12-12,6.408,"Deer Isle2",6.408
"535",-68.6800003051758,44.2799987792969,2023-12-13,6.438,"Deer Isle2",6.438
"536",-68.6800003051758,44.2799987792969,2023-12-14,5.894,"Deer Isle2",5.894
"537",-68.6800003051758,44.2799987792969,2023-12-15,5.681,"Deer Isle2",5.681
"538",-68.6800003051758,44.2799987792969,2023-12-16,5.739,"Deer Isle2",5.739
"539",-68.6800003051758,44.2799987792969,2023-12-17,6.288,"Deer Isle2",6.288
"540",-68.6800003051758,44.2799987792969,2023-12-18,6.99,"Deer Isle2",6.99
"541",-68.6800003051758,44.2799987792969,2023-12-19,7.244,"Deer Isle2",7.244
"542",-68.6800003051758,44.2799987792969,2023-12-20,6.434,"Deer Isle2",6.434
"543",-68.6800003051758,44.2799987792969,2023-12-21,6.073,"Deer Isle2",6.073
"544",-68.6800003051758,44.2799987792969,2023-12-22,5.898,"Deer Isle2",5.898
"545",-68.6800003051758,44.2799987792969,2023-12-23,5.598,"Deer Isle2",5.598
"546",-68.6800003051758,44.2799987792969,2023-12-24,5.136,"Deer Isle2",5.136
"547",-68.6800003051758,44.2799987792969,2023-12-25,5.349,"Deer Isle2",5.349
"548",-68.6800003051758,44.2799987792969,2023-12-26,5.422,"Deer Isle2",5.422
"549",-68.6800003051758,44.2799987792969,2023-12-27,5.323,"Deer Isle2",5.323
"550",-68.6800003051758,44.2799987792969,2023-12-28,5.516,"Deer Isle2",5.516
"551",-68.6800003051758,44.2799987792969,2023-12-29,4.866,"Deer Isle2",4.866
"552",-68.6800003051758,44.2799987792969,2023-12-30,4.732,"Deer Isle2",4.732
"553",-68.6800003051758,44.2799987792969,2023-12-31,4.786,"Deer Isle2",4.786
"554",-68.6800003051758,44.2799987792969,2024-01-01,4.922,"Deer Isle2",4.922
"555",-68.6800003051758,44.2799987792969,2024-01-02,4.779,"Deer Isle2",4.779
"556",-68.6800003051758,44.2799987792969,2024-01-03,4.891,"Deer Isle2",4.891
"557",-68.6800003051758,44.2799987792969,2024-01-04,4.943,"Deer Isle2",4.943
"558",-68.6800003051758,44.2799987792969,2024-01-05,4.792,"Deer Isle2",4.792
"559",-68.6800003051758,44.2799987792969,2024-01-06,4.578,"Deer Isle2",4.578
"560",-68.6800003051758,44.2799987792969,2024-01-07,4.626,"Deer Isle2",4.626
"561",-68.6800003051758,44.2799987792969,2024-01-08,4.634,"Deer Isle2",4.634
"562",-68.6800003051758,44.2799987792969,2024-01-09,4.539,"Deer Isle2",4.539
"563",-68.6800003051758,44.2799987792969,2024-01-10,4.454,"Deer Isle2",4.454
"564",-68.6800003051758,44.2799987792969,2024-01-11,4.376,"Deer Isle2",4.376
"565",-68.6800003051758,44.2799987792969,2024-01-12,4.405,"Deer Isle2",4.405
"566",-68.6800003051758,44.2799987792969,2024-01-13,4.021,"Deer Isle2",4.021
"567",-68.6800003051758,44.2799987792969,2024-01-14,3.954,"Deer Isle2",3.954
"568",-68.6800003051758,44.2799987792969,2024-01-15,3.99,"Deer Isle2",3.99
"569",-68.6800003051758,44.2799987792969,2024-01-16,3.81,"Deer Isle2",3.81
"570",-68.6800003051758,44.2799987792969,2024-01-17,3.299,"Deer Isle2",3.299
"571",-68.6800003051758,44.2799987792969,2024-01-18,3.055,"Deer Isle2",3.055
"572",-68.6800003051758,44.2799987792969,2024-01-19,3.025,"Deer Isle2",3.025
"573",-68.6800003051758,44.2799987792969,2024-01-20,3.129,"Deer Isle2",3.129
"574",-68.6800003051758,44.2799987792969,2024-01-21,3.142,"Deer Isle2",3.142
"575",-68.6800003051758,44.2799987792969,2024-01-22,3.17,"Deer Isle2",3.17
"576",-68.6800003051758,44.2799987792969,2024-01-23,3.201,"Deer Isle2",3.201
"577",-68.6800003051758,44.2799987792969,2024-01-24,3.047,"Deer Isle2",3.047
"578",-68.6800003051758,44.2799987792969,2024-01-25,3.32,"Deer Isle2",3.32
"579",-68.6800003051758,44.2799987792969,2024-01-26,3.471,"Deer Isle2",3.471
"580",-68.6800003051758,44.2799987792969,2024-01-27,3.412,"Deer Isle2",3.412
"581",-68.6800003051758,44.2799987792969,2024-01-28,3.164,"Deer Isle2",3.164
"582",-68.6800003051758,44.2799987792969,2024-01-29,2.752,"Deer Isle2",2.752
"583",-68.6800003051758,44.2799987792969,2024-01-30,2.556,"Deer Isle2",2.556
"584",-68.6800003051758,44.2799987792969,2024-01-31,2.323,"Deer Isle2",2.323
"585",-68.6800003051758,44.2799987792969,2024-02-01,2.493,"Deer Isle2",2.493
"586",-68.6800003051758,44.2799987792969,2024-02-02,2.55,"Deer Isle2",2.55
"587",-68.6800003051758,44.2799987792969,2024-02-03,2.673,"Deer Isle2",2.673
"588",-68.6800003051758,44.2799987792969,2024-02-04,2.598,"Deer Isle2",2.598
"589",-68.6800003051758,44.2799987792969,2024-02-05,2.632,"Deer Isle2",2.632
"590",-68.6800003051758,44.2799987792969,2024-02-06,2.407,"Deer Isle2",2.407
"591",-68.6800003051758,44.2799987792969,2024-02-07,2.392,"Deer Isle2",2.392
"592",-68.6800003051758,44.2799987792969,2024-02-08,2.46,"Deer Isle2",2.46
"593",-68.6800003051758,44.2799987792969,2024-02-09,2.574,"Deer Isle2",2.574
"594",-68.6800003051758,44.2799987792969,2024-02-10,2.677,"Deer Isle2",2.677
"595",-68.6800003051758,44.2799987792969,2024-02-11,2.622,"Deer Isle2",2.622
"596",-68.6800003051758,44.2799987792969,2024-02-12,2.796,"Deer Isle2",2.796
"597",-68.6800003051758,44.2799987792969,2024-02-13,2.581,"Deer Isle2",2.581
"598",-68.6800003051758,44.2799987792969,2024-02-14,2.547,"Deer Isle2",2.547
"599",-68.6800003051758,44.2799987792969,2024-02-15,2.158,"Deer Isle2",2.158
"600",-68.6800003051758,44.2799987792969,2024-02-16,2.03,"Deer Isle2",2.03
"601",-68.6800003051758,44.2799987792969,2024-02-17,2.079,"Deer Isle2",2.079
"602",-68.6800003051758,44.2799987792969,2024-02-18,1.887,"Deer Isle2",1.887
"603",-68.6800003051758,44.2799987792969,2024-02-19,1.49,"Deer Isle2",1.49
"604",-68.6800003051758,44.2799987792969,2024-02-20,1.476,"Deer Isle2",1.476
"605",-68.6800003051758,44.2799987792969,2024-02-21,1.521,"Deer Isle2",1.521
"606",-68.6800003051758,44.2799987792969,2024-02-22,1.506,"Deer Isle2",1.506
"607",-68.6800003051758,44.2799987792969,2024-02-23,1.765,"Deer Isle2",1.765
"608",-68.6800003051758,44.2799987792969,2024-02-24,1.808,"Deer Isle2",1.808
"609",-68.6800003051758,44.2799987792969,2024-02-25,1.872,"Deer Isle2",1.872
"610",-68.6800003051758,44.2799987792969,2024-02-26,1.868,"Deer Isle2",1.868
"611",-68.6800003051758,44.2799987792969,2024-02-27,1.696,"Deer Isle2",1.696
"612",-68.6800003051758,44.2799987792969,2024-02-28,1.544,"Deer Isle2",1.544
"613",-68.6800003051758,44.2799987792969,2024-02-29,1.845,"Deer Isle2",1.845
"614",-68.6800003051758,44.2799987792969,2024-03-01,1.893,"Deer Isle2",1.893
"615",-68.6800003051758,44.2799987792969,2024-03-02,2.027,"Deer Isle2",2.027
"616",-68.6800003051758,44.2799987792969,2024-03-03,2.054,"Deer Isle2",2.054
"617",-68.6800003051758,44.2799987792969,2024-03-04,2.441,"Deer Isle2",2.441
"618",-68.6800003051758,44.2799987792969,2024-03-05,2.646,"Deer Isle2",2.646
"619",-68.6800003051758,44.2799987792969,2024-03-06,2.42,"Deer Isle2",2.42
"620",-68.6800003051758,44.2799987792969,2024-03-07,2.675,"Deer Isle2",2.675
"621",-68.6800003051758,44.2799987792969,2024-03-08,2.75,"Deer Isle2",2.75
"622",-68.6800003051758,44.2799987792969,2024-03-09,2.937,"Deer Isle2",2.937
"623",-68.6800003051758,44.2799987792969,2024-03-10,2.946,"Deer Isle2",2.946
"624",-68.6800003051758,44.2799987792969,2024-03-11,3.039,"Deer Isle2",3.039
"625",-68.6800003051758,44.2799987792969,2024-03-12,2.989,"Deer Isle2",2.989
"626",-68.6800003051758,44.2799987792969,2024-03-13,2.98,"Deer Isle2",2.98
"627",-68.6800003051758,44.2799987792969,2024-03-14,3.001,"Deer Isle2",3.001
"628",-68.6800003051758,44.2799987792969,2024-03-15,3.129,"Deer Isle2",3.129
"629",-68.6800003051758,44.2799987792969,2024-03-16,3.546,"Deer Isle2",3.546
"630",-68.6800003051758,44.2799987792969,2024-03-17,3.568,"Deer Isle2",3.568
"631",-68.6800003051758,44.2799987792969,2024-03-18,3.557,"Deer Isle2",3.557
"632",-68.6800003051758,44.2799987792969,2024-03-19,3.472,"Deer Isle2",3.472
"633",-68.6800003051758,44.2799987792969,2024-03-20,3.24,"Deer Isle2",3.24
"634",-68.6800003051758,44.2799987792969,2024-03-21,2.967,"Deer Isle2",2.967
"635",-68.6800003051758,44.2799987792969,2024-03-22,2.737,"Deer Isle2",2.737
"636",-68.6800003051758,44.2799987792969,2024-03-23,2.673,"Deer Isle2",2.673
"637",-68.6800003051758,44.2799987792969,2024-03-24,2.887,"Deer Isle2",2.887
"638",-68.6800003051758,44.2799987792969,2024-03-25,3.559,"Deer Isle2",3.559
"639",-68.6800003051758,44.2799987792969,2024-03-26,3.612,"Deer Isle2",3.612
"640",-68.6800003051758,44.2799987792969,2024-03-27,3.613,"Deer Isle2",3.613
"641",-68.6800003051758,44.2799987792969,2024-03-28,3.568,"Deer Isle2",3.568
"642",-68.6800003051758,44.2799987792969,2024-03-29,3.629,"Deer Isle2",3.629
"643",-68.6800003051758,44.2799987792969,2024-03-30,3.606,"Deer Isle2",3.606
"644",-68.6800003051758,44.2799987792969,2024-03-31,3.57,"Deer Isle2",3.57
"645",-68.6800003051758,44.2799987792969,2024-04-01,3.602,"Deer Isle2",3.602
"646",-68.6800003051758,44.2799987792969,2024-04-02,4.023,"Deer Isle2",4.023
"647",-68.6800003051758,44.2799987792969,2024-04-03,4.288,"Deer Isle2",4.288
"648",-68.6800003051758,44.2799987792969,2024-04-04,4.106,"Deer Isle2",4.106
"649",-68.6800003051758,44.2799987792969,2024-04-05,4.321,"Deer Isle2",4.321
"650",-68.6800003051758,44.2799987792969,2024-04-06,3.908,"Deer Isle2",3.908
"651",-68.6800003051758,44.2799987792969,2024-04-07,3.872,"Deer Isle2",3.872
"652",-68.6800003051758,44.2799987792969,2024-04-08,3.9,"Deer Isle2",3.9
"653",-68.6800003051758,44.2799987792969,2024-04-09,4.161,"Deer Isle2",4.161
"654",-68.6800003051758,44.2799987792969,2024-04-10,4.219,"Deer Isle2",4.219
"655",-68.6800003051758,44.2799987792969,2024-04-11,4.388,"Deer Isle2",4.388
"656",-68.6800003051758,44.2799987792969,2024-04-12,5.261,"Deer Isle2",5.261
"657",-68.6800003051758,44.2799987792969,2024-04-13,5.354,"Deer Isle2",5.354
"658",-68.6800003051758,44.2799987792969,2024-04-14,5.756,"Deer Isle2",5.756
"659",-68.6800003051758,44.2799987792969,2024-04-15,5.915,"Deer Isle2",5.915
"660",-68.6800003051758,44.2799987792969,2024-04-16,6.077,"Deer Isle2",6.077
"661",-68.6800003051758,44.2799987792969,2024-04-17,6.195,"Deer Isle2",6.195
"662",-68.6800003051758,44.2799987792969,2024-04-18,6.157,"Deer Isle2",6.157
"663",-68.6800003051758,44.2799987792969,2024-04-19,6.274,"Deer Isle2",6.274
"664",-68.6800003051758,44.2799987792969,2024-04-20,6.286,"Deer Isle2",6.286
"665",-68.6800003051758,44.2799987792969,2024-04-21,6.413,"Deer Isle2",6.413
"666",-68.6800003051758,44.2799987792969,2024-04-22,6.74,"Deer Isle2",6.74
"667",-68.6800003051758,44.2799987792969,2024-04-23,6.713,"Deer Isle2",6.713
"668",-68.6800003051758,44.2799987792969,2024-04-24,6.752,"Deer Isle2",6.752
"669",-68.6800003051758,44.2799987792969,2024-04-25,6.419,"Deer Isle2",6.419
"670",-68.6800003051758,44.2799987792969,2024-04-26,6.367,"Deer Isle2",6.367
"671",-68.6800003051758,44.2799987792969,2024-04-27,6.301,"Deer Isle2",6.301
"672",-68.6800003051758,44.2799987792969,2024-04-28,6.545,"Deer Isle2",6.545
"673",-68.6800003051758,44.2799987792969,2024-04-29,6.984,"Deer Isle2",6.984
"674",-68.6800003051758,44.2799987792969,2024-04-30,7.571,"Deer Isle2",7.571
"675",-68.6800003051758,44.2799987792969,2024-05-01,7.692,"Deer Isle2",7.692
"676",-68.6800003051758,44.2799987792969,2024-05-02,7.761,"Deer Isle2",7.761
"677",-68.6800003051758,44.2799987792969,2024-05-03,7.848,"Deer Isle2",7.848
"678",-68.6800003051758,44.2799987792969,2024-05-04,7.761,"Deer Isle2",7.761
"679",-68.6800003051758,44.2799987792969,2024-05-05,7.683,"Deer Isle2",7.683
"680",-68.6800003051758,44.2799987792969,2024-05-06,7.908,"Deer Isle2",7.908
"681",-68.6800003051758,44.2799987792969,2024-05-07,7.806,"Deer Isle2",7.806
"682",-68.6800003051758,44.2799987792969,2024-05-08,7.975,"Deer Isle2",7.975
"683",-68.6800003051758,44.2799987792969,2024-05-09,7.967,"Deer Isle2",7.967
"684",-68.6800003051758,44.2799987792969,2024-05-10,7.619,"Deer Isle2",7.619
"685",-68.6800003051758,44.2799987792969,2024-05-11,7.909,"Deer Isle2",7.909
"686",-68.6800003051758,44.2799987792969,2024-05-12,8.062,"Deer Isle2",8.062
"687",-68.6800003051758,44.2799987792969,2024-05-13,8.105,"Deer Isle2",8.105
"688",-68.6800003051758,44.2799987792969,2024-05-14,8.344,"Deer Isle2",8.344
"689",-68.6800003051758,44.2799987792969,2024-05-15,8.598,"Deer Isle2",8.598
"690",-68.6800003051758,44.2799987792969,2024-05-16,9.448,"Deer Isle2",9.448
"691",-68.6800003051758,44.2799987792969,2024-05-17,10.234,"Deer Isle2",10.234
"692",-68.6800003051758,44.2799987792969,2024-05-18,9.904,"Deer Isle2",9.904
"693",-68.6800003051758,44.2799987792969,2024-05-19,10.233,"Deer Isle2",10.233
"694",-68.6800003051758,44.2799987792969,2024-05-20,10.566,"Deer Isle2",10.566
"695",-68.6800003051758,44.2799987792969,2024-05-21,10.977,"Deer Isle2",10.977
"696",-68.6800003051758,44.2799987792969,2024-05-22,10.886,"Deer Isle2",10.886
"697",-68.6800003051758,44.2799987792969,2024-05-23,11.256,"Deer Isle2",11.256
"698",-68.6800003051758,44.2799987792969,2024-05-24,11.29,"Deer Isle2",11.29
"699",-68.6800003051758,44.2799987792969,2024-05-25,11.351,"Deer Isle2",11.351
"700",-68.6800003051758,44.2799987792969,2024-05-26,11.088,"Deer Isle2",11.088
"701",-68.6800003051758,44.2799987792969,2024-05-27,11.233,"Deer Isle2",11.233
"702",-68.6800003051758,44.2799987792969,2024-05-28,11.241,"Deer Isle2",11.241
"703",-68.6800003051758,44.2799987792969,2024-05-29,11.239,"Deer Isle2",11.239
"704",-68.6800003051758,44.2799987792969,2024-05-30,11.163,"Deer Isle2",11.163
"705",-68.6800003051758,44.2799987792969,2024-05-31,11.161,"Deer Isle2",11.161
"706",-68.6800003051758,44.2799987792969,2024-06-01,11.189,"Deer Isle2",11.189
"707",-68.6800003051758,44.2799987792969,2024-06-02,11.113,"Deer Isle2",11.113
"708",-68.6800003051758,44.2799987792969,2024-06-03,11.658,"Deer Isle2",11.658
"709",-68.6600036621094,44.1500015258789,2023-06-16,11.894,"Deer Isle3",11.894
"710",-68.6600036621094,44.1500015258789,2023-06-17,11.819,"Deer Isle3",11.819
"711",-68.6600036621094,44.1500015258789,2023-06-18,12.006,"Deer Isle3",12.006
"712",-68.6600036621094,44.1500015258789,2023-06-19,11.57,"Deer Isle3",11.57
"713",-68.6600036621094,44.1500015258789,2023-06-20,11.829,"Deer Isle3",11.829
"714",-68.6600036621094,44.1500015258789,2023-06-21,11.836,"Deer Isle3",11.836
"715",-68.6600036621094,44.1500015258789,2023-06-22,12.621,"Deer Isle3",12.621
"716",-68.6600036621094,44.1500015258789,2023-06-23,13.009,"Deer Isle3",13.009
"717",-68.6600036621094,44.1500015258789,2023-06-24,12.998,"Deer Isle3",12.998
"718",-68.6600036621094,44.1500015258789,2023-06-25,12.464,"Deer Isle3",12.464
"719",-68.6600036621094,44.1500015258789,2023-06-26,12.969,"Deer Isle3",12.969
"720",-68.6600036621094,44.1500015258789,2023-06-27,12.887,"Deer Isle3",12.887
"721",-68.6600036621094,44.1500015258789,2023-06-28,13.829,"Deer Isle3",13.829
"722",-68.6600036621094,44.1500015258789,2023-06-29,14.025,"Deer Isle3",14.025
"723",-68.6600036621094,44.1500015258789,2023-06-30,14.166,"Deer Isle3",14.166
"724",-68.6600036621094,44.1500015258789,2023-07-01,14.035,"Deer Isle3",14.035
"725",-68.6600036621094,44.1500015258789,2023-07-02,14.261,"Deer Isle3",14.261
"726",-68.6600036621094,44.1500015258789,2023-07-03,14.896,"Deer Isle3",14.896
"727",-68.6600036621094,44.1500015258789,2023-07-04,14.99,"Deer Isle3",14.99
"728",-68.6600036621094,44.1500015258789,2023-07-05,15.18,"Deer Isle3",15.18
"729",-68.6600036621094,44.1500015258789,2023-07-06,14.947,"Deer Isle3",14.947
"730",-68.6600036621094,44.1500015258789,2023-07-07,15.169,"Deer Isle3",15.169
"731",-68.6600036621094,44.1500015258789,2023-07-08,15.357,"Deer Isle3",15.357
"732",-68.6600036621094,44.1500015258789,2023-07-09,15.484,"Deer Isle3",15.484
"733",-68.6600036621094,44.1500015258789,2023-07-10,16.488,"Deer Isle3",16.488
"734",-68.6600036621094,44.1500015258789,2023-07-11,16.732,"Deer Isle3",16.732
"735",-68.6600036621094,44.1500015258789,2023-07-12,16.786,"Deer Isle3",16.786
"736",-68.6600036621094,44.1500015258789,2023-07-13,16.779,"Deer Isle3",16.779
"737",-68.6600036621094,44.1500015258789,2023-07-14,16.881,"Deer Isle3",16.881
"738",-68.6600036621094,44.1500015258789,2023-07-15,16.881,"Deer Isle3",16.881
"739",-68.6600036621094,44.1500015258789,2023-07-16,16.784,"Deer Isle3",16.784
"740",-68.6600036621094,44.1500015258789,2023-07-17,16.69,"Deer Isle3",16.69
"741",-68.6600036621094,44.1500015258789,2023-07-18,16.442,"Deer Isle3",16.442
"742",-68.6600036621094,44.1500015258789,2023-07-19,15.98,"Deer Isle3",15.98
"743",-68.6600036621094,44.1500015258789,2023-07-20,15.836,"Deer Isle3",15.836
"744",-68.6600036621094,44.1500015258789,2023-07-21,15.385,"Deer Isle3",15.385
"745",-68.6600036621094,44.1500015258789,2023-07-22,16.019,"Deer Isle3",16.019
"746",-68.6600036621094,44.1500015258789,2023-07-23,16.706,"Deer Isle3",16.706
"747",-68.6600036621094,44.1500015258789,2023-07-24,17.953,"Deer Isle3",17.953
"748",-68.6600036621094,44.1500015258789,2023-07-25,18.193,"Deer Isle3",18.193
"749",-68.6600036621094,44.1500015258789,2023-07-26,18.462,"Deer Isle3",18.462
"750",-68.6600036621094,44.1500015258789,2023-07-27,17.962,"Deer Isle3",17.962
"751",-68.6600036621094,44.1500015258789,2023-07-28,18.016,"Deer Isle3",18.016
"752",-68.6600036621094,44.1500015258789,2023-07-29,18.624,"Deer Isle3",18.624
"753",-68.6600036621094,44.1500015258789,2023-07-30,18.042,"Deer Isle3",18.042
"754",-68.6600036621094,44.1500015258789,2023-07-31,16.433,"Deer Isle3",16.433
"755",-68.6600036621094,44.1500015258789,2023-08-01,16.305,"Deer Isle3",16.305
"756",-68.6600036621094,44.1500015258789,2023-08-02,16.133,"Deer Isle3",16.133
"757",-68.6600036621094,44.1500015258789,2023-08-03,15.82,"Deer Isle3",15.82
"758",-68.6600036621094,44.1500015258789,2023-08-04,15.942,"Deer Isle3",15.942
"759",-68.6600036621094,44.1500015258789,2023-08-05,15.833,"Deer Isle3",15.833
"760",-68.6600036621094,44.1500015258789,2023-08-06,15.511,"Deer Isle3",15.511
"761",-68.6600036621094,44.1500015258789,2023-08-07,15.042,"Deer Isle3",15.042
"762",-68.6600036621094,44.1500015258789,2023-08-08,15.414,"Deer Isle3",15.414
"763",-68.6600036621094,44.1500015258789,2023-08-09,15.452,"Deer Isle3",15.452
"764",-68.6600036621094,44.1500015258789,2023-08-10,15.464,"Deer Isle3",15.464
"765",-68.6600036621094,44.1500015258789,2023-08-11,15.417,"Deer Isle3",15.417
"766",-68.6600036621094,44.1500015258789,2023-08-12,15.501,"Deer Isle3",15.501
"767",-68.6600036621094,44.1500015258789,2023-08-13,15.519,"Deer Isle3",15.519
"768",-68.6600036621094,44.1500015258789,2023-08-14,16.495,"Deer Isle3",16.495
"769",-68.6600036621094,44.1500015258789,2023-08-15,16.511,"Deer Isle3",16.511
"770",-68.6600036621094,44.1500015258789,2023-08-16,16.608,"Deer Isle3",16.608
"771",-68.6600036621094,44.1500015258789,2023-08-17,17.004,"Deer Isle3",17.004
"772",-68.6600036621094,44.1500015258789,2023-08-18,16.54,"Deer Isle3",16.54
"773",-68.6600036621094,44.1500015258789,2023-08-19,16.049,"Deer Isle3",16.049
"774",-68.6600036621094,44.1500015258789,2023-08-20,15.806,"Deer Isle3",15.806
"775",-68.6600036621094,44.1500015258789,2023-08-21,15.946,"Deer Isle3",15.946
"776",-68.6600036621094,44.1500015258789,2023-08-22,15.956,"Deer Isle3",15.956
"777",-68.6600036621094,44.1500015258789,2023-08-23,16.29,"Deer Isle3",16.29
"778",-68.6600036621094,44.1500015258789,2023-08-24,16.326,"Deer Isle3",16.326
"779",-68.6600036621094,44.1500015258789,2023-08-25,16.345,"Deer Isle3",16.345
"780",-68.6600036621094,44.1500015258789,2023-08-26,15.59,"Deer Isle3",15.59
"781",-68.6600036621094,44.1500015258789,2023-08-27,15.549,"Deer Isle3",15.549
"782",-68.6600036621094,44.1500015258789,2023-08-28,15.379,"Deer Isle3",15.379
"783",-68.6600036621094,44.1500015258789,2023-08-29,15.379,"Deer Isle3",15.379
"784",-68.6600036621094,44.1500015258789,2023-08-30,14.951,"Deer Isle3",14.951
"785",-68.6600036621094,44.1500015258789,2023-08-31,14.898,"Deer Isle3",14.898
"786",-68.6600036621094,44.1500015258789,2023-09-01,14.719,"Deer Isle3",14.719
"787",-68.6600036621094,44.1500015258789,2023-09-02,14.494,"Deer Isle3",14.494
"788",-68.6600036621094,44.1500015258789,2023-09-03,14.383,"Deer Isle3",14.383
"789",-68.6600036621094,44.1500015258789,2023-09-04,14.702,"Deer Isle3",14.702
"790",-68.6600036621094,44.1500015258789,2023-09-05,15.536,"Deer Isle3",15.536
"791",-68.6600036621094,44.1500015258789,2023-09-06,16.253,"Deer Isle3",16.253
"792",-68.6600036621094,44.1500015258789,2023-09-07,16.71,"Deer Isle3",16.71
"793",-68.6600036621094,44.1500015258789,2023-09-08,16.644,"Deer Isle3",16.644
"794",-68.6600036621094,44.1500015258789,2023-09-09,16.631,"Deer Isle3",16.631
"795",-68.6600036621094,44.1500015258789,2023-09-10,16.55,"Deer Isle3",16.55
"796",-68.6600036621094,44.1500015258789,2023-09-11,15.939,"Deer Isle3",15.939
"797",-68.6600036621094,44.1500015258789,2023-09-12,15.679,"Deer Isle3",15.679
"798",-68.6600036621094,44.1500015258789,2023-09-13,14.975,"Deer Isle3",14.975
"799",-68.6600036621094,44.1500015258789,2023-09-14,15.428,"Deer Isle3",15.428
"800",-68.6600036621094,44.1500015258789,2023-09-15,15.58,"Deer Isle3",15.58
"801",-68.6600036621094,44.1500015258789,2023-09-16,15.441,"Deer Isle3",15.441
"802",-68.6600036621094,44.1500015258789,2023-09-17,14.598,"Deer Isle3",14.598
"803",-68.6600036621094,44.1500015258789,2023-09-18,14.863,"Deer Isle3",14.863
"804",-68.6600036621094,44.1500015258789,2023-09-19,14.569,"Deer Isle3",14.569
"805",-68.6600036621094,44.1500015258789,2023-09-20,14.466,"Deer Isle3",14.466
"806",-68.6600036621094,44.1500015258789,2023-09-21,14.552,"Deer Isle3",14.552
"807",-68.6600036621094,44.1500015258789,2023-09-22,14.563,"Deer Isle3",14.563
"808",-68.6600036621094,44.1500015258789,2023-09-23,14.589,"Deer Isle3",14.589
"809",-68.6600036621094,44.1500015258789,2023-09-24,14.677,"Deer Isle3",14.677
"810",-68.6600036621094,44.1500015258789,2023-09-25,14.499,"Deer Isle3",14.499
"811",-68.6600036621094,44.1500015258789,2023-09-26,14.134,"Deer Isle3",14.134
"812",-68.6600036621094,44.1500015258789,2023-09-27,13.97,"Deer Isle3",13.97
"813",-68.6600036621094,44.1500015258789,2023-09-28,13.78,"Deer Isle3",13.78
"814",-68.6600036621094,44.1500015258789,2023-09-29,13.906,"Deer Isle3",13.906
"815",-68.6600036621094,44.1500015258789,2023-09-30,14.041,"Deer Isle3",14.041
"816",-68.6600036621094,44.1500015258789,2023-10-01,14.262,"Deer Isle3",14.262
"817",-68.6600036621094,44.1500015258789,2023-10-02,14.372,"Deer Isle3",14.372
"818",-68.6600036621094,44.1500015258789,2023-10-03,14.29,"Deer Isle3",14.29
"819",-68.6600036621094,44.1500015258789,2023-10-04,14.203,"Deer Isle3",14.203
"820",-68.6600036621094,44.1500015258789,2023-10-05,14.609,"Deer Isle3",14.609
"821",-68.6600036621094,44.1500015258789,2023-10-06,14.906,"Deer Isle3",14.906
"822",-68.6600036621094,44.1500015258789,2023-10-07,14.125,"Deer Isle3",14.125
"823",-68.6600036621094,44.1500015258789,2023-10-08,14.305,"Deer Isle3",14.305
"824",-68.6600036621094,44.1500015258789,2023-10-09,14.315,"Deer Isle3",14.315
"825",-68.6600036621094,44.1500015258789,2023-10-10,14.346,"Deer Isle3",14.346
"826",-68.6600036621094,44.1500015258789,2023-10-11,14.23,"Deer Isle3",14.23
"827",-68.6600036621094,44.1500015258789,2023-10-12,13.984,"Deer Isle3",13.984
"828",-68.6600036621094,44.1500015258789,2023-10-13,13.81,"Deer Isle3",13.81
"829",-68.6600036621094,44.1500015258789,2023-10-14,13.505,"Deer Isle3",13.505
"830",-68.6600036621094,44.1500015258789,2023-10-15,13.352,"Deer Isle3",13.352
"831",-68.6600036621094,44.1500015258789,2023-10-16,13.538,"Deer Isle3",13.538
"832",-68.6600036621094,44.1500015258789,2023-10-17,13.247,"Deer Isle3",13.247
"833",-68.6600036621094,44.1500015258789,2023-10-18,12.76,"Deer Isle3",12.76
"834",-68.6600036621094,44.1500015258789,2023-10-19,12.749,"Deer Isle3",12.749
"835",-68.6600036621094,44.1500015258789,2023-10-20,12.781,"Deer Isle3",12.781
"836",-68.6600036621094,44.1500015258789,2023-10-21,12.719,"Deer Isle3",12.719
"837",-68.6600036621094,44.1500015258789,2023-10-22,13.106,"Deer Isle3",13.106
"838",-68.6600036621094,44.1500015258789,2023-10-23,13.068,"Deer Isle3",13.068
"839",-68.6600036621094,44.1500015258789,2023-10-24,12.975,"Deer Isle3",12.975
"840",-68.6600036621094,44.1500015258789,2023-10-25,13.046,"Deer Isle3",13.046
"841",-68.6600036621094,44.1500015258789,2023-10-26,13.143,"Deer Isle3",13.143
"842",-68.6600036621094,44.1500015258789,2023-10-27,13.648,"Deer Isle3",13.648
"843",-68.6600036621094,44.1500015258789,2023-10-28,13.306,"Deer Isle3",13.306
"844",-68.6600036621094,44.1500015258789,2023-10-29,13.149,"Deer Isle3",13.149
"845",-68.6600036621094,44.1500015258789,2023-10-30,12.889,"Deer Isle3",12.889
"846",-68.6600036621094,44.1500015258789,2023-10-31,12.718,"Deer Isle3",12.718
"847",-68.6600036621094,44.1500015258789,2023-11-01,12.148,"Deer Isle3",12.148
"848",-68.6600036621094,44.1500015258789,2023-11-02,12.025,"Deer Isle3",12.025
"849",-68.6600036621094,44.1500015258789,2023-11-03,12.101,"Deer Isle3",12.101
"850",-68.6600036621094,44.1500015258789,2023-11-04,11.846,"Deer Isle3",11.846
"851",-68.6600036621094,44.1500015258789,2023-11-05,11.552,"Deer Isle3",11.552
"852",-68.6600036621094,44.1500015258789,2023-11-06,11.326,"Deer Isle3",11.326
"853",-68.6600036621094,44.1500015258789,2023-11-07,11.137,"Deer Isle3",11.137
"854",-68.6600036621094,44.1500015258789,2023-11-08,10.979,"Deer Isle3",10.979
"855",-68.6600036621094,44.1500015258789,2023-11-09,10.728,"Deer Isle3",10.728
"856",-68.6600036621094,44.1500015258789,2023-11-10,10.375,"Deer Isle3",10.375
"857",-68.6600036621094,44.1500015258789,2023-11-11,10.33,"Deer Isle3",10.33
"858",-68.6600036621094,44.1500015258789,2023-11-12,10.268,"Deer Isle3",10.268
"859",-68.6600036621094,44.1500015258789,2023-11-13,10.143,"Deer Isle3",10.143
"860",-68.6600036621094,44.1500015258789,2023-11-14,9.922,"Deer Isle3",9.922
"861",-68.6600036621094,44.1500015258789,2023-11-15,9.876,"Deer Isle3",9.876
"862",-68.6600036621094,44.1500015258789,2023-11-16,9.771,"Deer Isle3",9.771
"863",-68.6600036621094,44.1500015258789,2023-11-17,9.695,"Deer Isle3",9.695
"864",-68.6600036621094,44.1500015258789,2023-11-18,9.72,"Deer Isle3",9.72
"865",-68.6600036621094,44.1500015258789,2023-11-19,9.707,"Deer Isle3",9.707
"866",-68.6600036621094,44.1500015258789,2023-11-20,9.583,"Deer Isle3",9.583
"867",-68.6600036621094,44.1500015258789,2023-11-21,9.388,"Deer Isle3",9.388
"868",-68.6600036621094,44.1500015258789,2023-11-22,9.313,"Deer Isle3",9.313
"869",-68.6600036621094,44.1500015258789,2023-11-23,8.905,"Deer Isle3",8.905
"870",-68.6600036621094,44.1500015258789,2023-11-24,8.888,"Deer Isle3",8.888
"871",-68.6600036621094,44.1500015258789,2023-11-25,9.107,"Deer Isle3",9.107
"872",-68.6600036621094,44.1500015258789,2023-11-26,9.176,"Deer Isle3",9.176
"873",-68.6600036621094,44.1500015258789,2023-11-27,8.382,"Deer Isle3",8.382
"874",-68.6600036621094,44.1500015258789,2023-11-28,7.955,"Deer Isle3",7.955
"875",-68.6600036621094,44.1500015258789,2023-11-29,7.731,"Deer Isle3",7.731
"876",-68.6600036621094,44.1500015258789,2023-11-30,7.615,"Deer Isle3",7.615
"877",-68.6600036621094,44.1500015258789,2023-12-01,7.671,"Deer Isle3",7.671
"878",-68.6600036621094,44.1500015258789,2023-12-02,7.717,"Deer Isle3",7.717
"879",-68.6600036621094,44.1500015258789,2023-12-03,7.864,"Deer Isle3",7.864
"880",-68.6600036621094,44.1500015258789,2023-12-04,7.571,"Deer Isle3",7.571
"881",-68.6600036621094,44.1500015258789,2023-12-05,7.512,"Deer Isle3",7.512
"882",-68.6600036621094,44.1500015258789,2023-12-06,6.961,"Deer Isle3",6.961
"883",-68.6600036621094,44.1500015258789,2023-12-07,6.556,"Deer Isle3",6.556
"884",-68.6600036621094,44.1500015258789,2023-12-08,6.5,"Deer Isle3",6.5
"885",-68.6600036621094,44.1500015258789,2023-12-09,6.507,"Deer Isle3",6.507
"886",-68.6600036621094,44.1500015258789,2023-12-10,6.712,"Deer Isle3",6.712
"887",-68.6600036621094,44.1500015258789,2023-12-11,6.642,"Deer Isle3",6.642
"888",-68.6600036621094,44.1500015258789,2023-12-12,6.471,"Deer Isle3",6.471
"889",-68.6600036621094,44.1500015258789,2023-12-13,6.473,"Deer Isle3",6.473
"890",-68.6600036621094,44.1500015258789,2023-12-14,6.146,"Deer Isle3",6.146
"891",-68.6600036621094,44.1500015258789,2023-12-15,6.081,"Deer Isle3",6.081
"892",-68.6600036621094,44.1500015258789,2023-12-16,6.114,"Deer Isle3",6.114
"893",-68.6600036621094,44.1500015258789,2023-12-17,6.449,"Deer Isle3",6.449
"894",-68.6600036621094,44.1500015258789,2023-12-18,6.976,"Deer Isle3",6.976
"895",-68.6600036621094,44.1500015258789,2023-12-19,7.047,"Deer Isle3",7.047
"896",-68.6600036621094,44.1500015258789,2023-12-20,6.913,"Deer Isle3",6.913
"897",-68.6600036621094,44.1500015258789,2023-12-21,6.269,"Deer Isle3",6.269
"898",-68.6600036621094,44.1500015258789,2023-12-22,5.964,"Deer Isle3",5.964
"899",-68.6600036621094,44.1500015258789,2023-12-23,5.64,"Deer Isle3",5.64
"900",-68.6600036621094,44.1500015258789,2023-12-24,5.591,"Deer Isle3",5.591
"901",-68.6600036621094,44.1500015258789,2023-12-25,5.623,"Deer Isle3",5.623
"902",-68.6600036621094,44.1500015258789,2023-12-26,5.588,"Deer Isle3",5.588
"903",-68.6600036621094,44.1500015258789,2023-12-27,5.722,"Deer Isle3",5.722
"904",-68.6600036621094,44.1500015258789,2023-12-28,5.864,"Deer Isle3",5.864
"905",-68.6600036621094,44.1500015258789,2023-12-29,4.995,"Deer Isle3",4.995
"906",-68.6600036621094,44.1500015258789,2023-12-30,4.869,"Deer Isle3",4.869
"907",-68.6600036621094,44.1500015258789,2023-12-31,4.965,"Deer Isle3",4.965
"908",-68.6600036621094,44.1500015258789,2024-01-01,5.266,"Deer Isle3",5.266
"909",-68.6600036621094,44.1500015258789,2024-01-02,5.163,"Deer Isle3",5.163
"910",-68.6600036621094,44.1500015258789,2024-01-03,5.138,"Deer Isle3",5.138
"911",-68.6600036621094,44.1500015258789,2024-01-04,5.088,"Deer Isle3",5.088
"912",-68.6600036621094,44.1500015258789,2024-01-05,4.894,"Deer Isle3",4.894
"913",-68.6600036621094,44.1500015258789,2024-01-06,4.753,"Deer Isle3",4.753
"914",-68.6600036621094,44.1500015258789,2024-01-07,4.837,"Deer Isle3",4.837
"915",-68.6600036621094,44.1500015258789,2024-01-08,4.376,"Deer Isle3",4.376
"916",-68.6600036621094,44.1500015258789,2024-01-09,4.171,"Deer Isle3",4.171
"917",-68.6600036621094,44.1500015258789,2024-01-10,4.285,"Deer Isle3",4.285
"918",-68.6600036621094,44.1500015258789,2024-01-11,4.193,"Deer Isle3",4.193
"919",-68.6600036621094,44.1500015258789,2024-01-12,4.333,"Deer Isle3",4.333
"920",-68.6600036621094,44.1500015258789,2024-01-13,4.335,"Deer Isle3",4.335
"921",-68.6600036621094,44.1500015258789,2024-01-14,4.03,"Deer Isle3",4.03
"922",-68.6600036621094,44.1500015258789,2024-01-15,3.929,"Deer Isle3",3.929
"923",-68.6600036621094,44.1500015258789,2024-01-16,3.758,"Deer Isle3",3.758
"924",-68.6600036621094,44.1500015258789,2024-01-17,3.508,"Deer Isle3",3.508
"925",-68.6600036621094,44.1500015258789,2024-01-18,3.262,"Deer Isle3",3.262
"926",-68.6600036621094,44.1500015258789,2024-01-19,3.127,"Deer Isle3",3.127
"927",-68.6600036621094,44.1500015258789,2024-01-20,3.345,"Deer Isle3",3.345
"928",-68.6600036621094,44.1500015258789,2024-01-21,3.114,"Deer Isle3",3.114
"929",-68.6600036621094,44.1500015258789,2024-01-22,2.94,"Deer Isle3",2.94
"930",-68.6600036621094,44.1500015258789,2024-01-23,3.232,"Deer Isle3",3.232
"931",-68.6600036621094,44.1500015258789,2024-01-24,3.329,"Deer Isle3",3.329
"932",-68.6600036621094,44.1500015258789,2024-01-25,3.183,"Deer Isle3",3.183
"933",-68.6600036621094,44.1500015258789,2024-01-26,3.357,"Deer Isle3",3.357
"934",-68.6600036621094,44.1500015258789,2024-01-27,3.595,"Deer Isle3",3.595
"935",-68.6600036621094,44.1500015258789,2024-01-28,3.523,"Deer Isle3",3.523
"936",-68.6600036621094,44.1500015258789,2024-01-29,3.154,"Deer Isle3",3.154
"937",-68.6600036621094,44.1500015258789,2024-01-30,3.169,"Deer Isle3",3.169
"938",-68.6600036621094,44.1500015258789,2024-01-31,2.494,"Deer Isle3",2.494
"939",-68.6600036621094,44.1500015258789,2024-02-01,2.425,"Deer Isle3",2.425
"940",-68.6600036621094,44.1500015258789,2024-02-02,2.551,"Deer Isle3",2.551
"941",-68.6600036621094,44.1500015258789,2024-02-03,2.535,"Deer Isle3",2.535
"942",-68.6600036621094,44.1500015258789,2024-02-04,2.399,"Deer Isle3",2.399
"943",-68.6600036621094,44.1500015258789,2024-02-05,2.426,"Deer Isle3",2.426
"944",-68.6600036621094,44.1500015258789,2024-02-06,2.436,"Deer Isle3",2.436
"945",-68.6600036621094,44.1500015258789,2024-02-07,2.467,"Deer Isle3",2.467
"946",-68.6600036621094,44.1500015258789,2024-02-08,2.486,"Deer Isle3",2.486
"947",-68.6600036621094,44.1500015258789,2024-02-09,2.514,"Deer Isle3",2.514
"948",-68.6600036621094,44.1500015258789,2024-02-10,2.623,"Deer Isle3",2.623
"949",-68.6600036621094,44.1500015258789,2024-02-11,2.649,"Deer Isle3",2.649
"950",-68.6600036621094,44.1500015258789,2024-02-12,2.766,"Deer Isle3",2.766
"951",-68.6600036621094,44.1500015258789,2024-02-13,2.75,"Deer Isle3",2.75
"952",-68.6600036621094,44.1500015258789,2024-02-14,2.846,"Deer Isle3",2.846
"953",-68.6600036621094,44.1500015258789,2024-02-15,2.46,"Deer Isle3",2.46
"954",-68.6600036621094,44.1500015258789,2024-02-16,2.102,"Deer Isle3",2.102
"955",-68.6600036621094,44.1500015258789,2024-02-17,2.107,"Deer Isle3",2.107
"956",-68.6600036621094,44.1500015258789,2024-02-18,2.007,"Deer Isle3",2.007
"957",-68.6600036621094,44.1500015258789,2024-02-19,1.71,"Deer Isle3",1.71
"958",-68.6600036621094,44.1500015258789,2024-02-20,1.601,"Deer Isle3",1.601
"959",-68.6600036621094,44.1500015258789,2024-02-21,1.676,"Deer Isle3",1.676
"960",-68.6600036621094,44.1500015258789,2024-02-22,1.826,"Deer Isle3",1.826
"961",-68.6600036621094,44.1500015258789,2024-02-23,2.127,"Deer Isle3",2.127
"962",-68.6600036621094,44.1500015258789,2024-02-24,1.869,"Deer Isle3",1.869
"963",-68.6600036621094,44.1500015258789,2024-02-25,1.875,"Deer Isle3",1.875
"964",-68.6600036621094,44.1500015258789,2024-02-26,1.845,"Deer Isle3",1.845
"965",-68.6600036621094,44.1500015258789,2024-02-27,1.829,"Deer Isle3",1.829
"966",-68.6600036621094,44.1500015258789,2024-02-28,1.856,"Deer Isle3",1.856
"967",-68.6600036621094,44.1500015258789,2024-02-29,2.234,"Deer Isle3",2.234
"968",-68.6600036621094,44.1500015258789,2024-03-01,2.025,"Deer Isle3",2.025
"969",-68.6600036621094,44.1500015258789,2024-03-02,2.108,"Deer Isle3",2.108
"970",-68.6600036621094,44.1500015258789,2024-03-03,2.23,"Deer Isle3",2.23
"971",-68.6600036621094,44.1500015258789,2024-03-04,2.542,"Deer Isle3",2.542
"972",-68.6600036621094,44.1500015258789,2024-03-05,2.565,"Deer Isle3",2.565
"973",-68.6600036621094,44.1500015258789,2024-03-06,2.429,"Deer Isle3",2.429
"974",-68.6600036621094,44.1500015258789,2024-03-07,3.17,"Deer Isle3",3.17
"975",-68.6600036621094,44.1500015258789,2024-03-08,3.231,"Deer Isle3",3.231
"976",-68.6600036621094,44.1500015258789,2024-03-09,3.279,"Deer Isle3",3.279
"977",-68.6600036621094,44.1500015258789,2024-03-10,3.292,"Deer Isle3",3.292
"978",-68.6600036621094,44.1500015258789,2024-03-11,3.356,"Deer Isle3",3.356
"979",-68.6600036621094,44.1500015258789,2024-03-12,3.248,"Deer Isle3",3.248
"980",-68.6600036621094,44.1500015258789,2024-03-13,3.242,"Deer Isle3",3.242
"981",-68.6600036621094,44.1500015258789,2024-03-14,3.267,"Deer Isle3",3.267
"982",-68.6600036621094,44.1500015258789,2024-03-15,3.326,"Deer Isle3",3.326
"983",-68.6600036621094,44.1500015258789,2024-03-16,3.778,"Deer Isle3",3.778
"984",-68.6600036621094,44.1500015258789,2024-03-17,3.73,"Deer Isle3",3.73
"985",-68.6600036621094,44.1500015258789,2024-03-18,3.644,"Deer Isle3",3.644
"986",-68.6600036621094,44.1500015258789,2024-03-19,3.441,"Deer Isle3",3.441
"987",-68.6600036621094,44.1500015258789,2024-03-20,3.23,"Deer Isle3",3.23
"988",-68.6600036621094,44.1500015258789,2024-03-21,3.206,"Deer Isle3",3.206
"989",-68.6600036621094,44.1500015258789,2024-03-22,3.022,"Deer Isle3",3.022
"990",-68.6600036621094,44.1500015258789,2024-03-23,3.03,"Deer Isle3",3.03
"991",-68.6600036621094,44.1500015258789,2024-03-24,3.184,"Deer Isle3",3.184
"992",-68.6600036621094,44.1500015258789,2024-03-25,3.675,"Deer Isle3",3.675
"993",-68.6600036621094,44.1500015258789,2024-03-26,3.727,"Deer Isle3",3.727
"994",-68.6600036621094,44.1500015258789,2024-03-27,3.728,"Deer Isle3",3.728
"995",-68.6600036621094,44.1500015258789,2024-03-28,3.641,"Deer Isle3",3.641
"996",-68.6600036621094,44.1500015258789,2024-03-29,3.828,"Deer Isle3",3.828
"997",-68.6600036621094,44.1500015258789,2024-03-30,3.769,"Deer Isle3",3.769
"998",-68.6600036621094,44.1500015258789,2024-03-31,3.676,"Deer Isle3",3.676
"999",-68.6600036621094,44.1500015258789,2024-04-01,3.638,"Deer Isle3",3.638
"1000",-68.6600036621094,44.1500015258789,2024-04-02,4.021,"Deer Isle3",4.021
"1001",-68.6600036621094,44.1500015258789,2024-04-03,4.313,"Deer Isle3",4.313
"1002",-68.6600036621094,44.1500015258789,2024-04-04,4.329,"Deer Isle3",4.329
"1003",-68.6600036621094,44.1500015258789,2024-04-05,4.386,"Deer Isle3",4.386
"1004",-68.6600036621094,44.1500015258789,2024-04-06,4.065,"Deer Isle3",4.065
"1005",-68.6600036621094,44.1500015258789,2024-04-07,3.973,"Deer Isle3",3.973
"1006",-68.6600036621094,44.1500015258789,2024-04-08,3.833,"Deer Isle3",3.833
"1007",-68.6600036621094,44.1500015258789,2024-04-09,4.216,"Deer Isle3",4.216
"1008",-68.6600036621094,44.1500015258789,2024-04-10,4.304,"Deer Isle3",4.304
"1009",-68.6600036621094,44.1500015258789,2024-04-11,4.314,"Deer Isle3",4.314
"1010",-68.6600036621094,44.1500015258789,2024-04-12,5.263,"Deer Isle3",5.263
"1011",-68.6600036621094,44.1500015258789,2024-04-13,5.451,"Deer Isle3",5.451
"1012",-68.6600036621094,44.1500015258789,2024-04-14,5.521,"Deer Isle3",5.521
"1013",-68.6600036621094,44.1500015258789,2024-04-15,5.552,"Deer Isle3",5.552
"1014",-68.6600036621094,44.1500015258789,2024-04-16,5.983,"Deer Isle3",5.983
"1015",-68.6600036621094,44.1500015258789,2024-04-17,6.051,"Deer Isle3",6.051
"1016",-68.6600036621094,44.1500015258789,2024-04-18,5.982,"Deer Isle3",5.982
"1017",-68.6600036621094,44.1500015258789,2024-04-19,6.174,"Deer Isle3",6.174
"1018",-68.6600036621094,44.1500015258789,2024-04-20,6.261,"Deer Isle3",6.261
"1019",-68.6600036621094,44.1500015258789,2024-04-21,6.458,"Deer Isle3",6.458
"1020",-68.6600036621094,44.1500015258789,2024-04-22,6.434,"Deer Isle3",6.434
"1021",-68.6600036621094,44.1500015258789,2024-04-23,6.566,"Deer Isle3",6.566
"1022",-68.6600036621094,44.1500015258789,2024-04-24,6.612,"Deer Isle3",6.612
"1023",-68.6600036621094,44.1500015258789,2024-04-25,6.24,"Deer Isle3",6.24
"1024",-68.6600036621094,44.1500015258789,2024-04-26,6.203,"Deer Isle3",6.203
"1025",-68.6600036621094,44.1500015258789,2024-04-27,6.243,"Deer Isle3",6.243
"1026",-68.6600036621094,44.1500015258789,2024-04-28,6.403,"Deer Isle3",6.403
"1027",-68.6600036621094,44.1500015258789,2024-04-29,7.163,"Deer Isle3",7.163
"1028",-68.6600036621094,44.1500015258789,2024-04-30,7.302,"Deer Isle3",7.302
"1029",-68.6600036621094,44.1500015258789,2024-05-01,7.487,"Deer Isle3",7.487
"1030",-68.6600036621094,44.1500015258789,2024-05-02,7.523,"Deer Isle3",7.523
"1031",-68.6600036621094,44.1500015258789,2024-05-03,7.468,"Deer Isle3",7.468
"1032",-68.6600036621094,44.1500015258789,2024-05-04,7.431,"Deer Isle3",7.431
"1033",-68.6600036621094,44.1500015258789,2024-05-05,7.413,"Deer Isle3",7.413
"1034",-68.6600036621094,44.1500015258789,2024-05-06,7.731,"Deer Isle3",7.731
"1035",-68.6600036621094,44.1500015258789,2024-05-07,7.813,"Deer Isle3",7.813
"1036",-68.6600036621094,44.1500015258789,2024-05-08,7.998,"Deer Isle3",7.998
"1037",-68.6600036621094,44.1500015258789,2024-05-09,7.646,"Deer Isle3",7.646
"1038",-68.6600036621094,44.1500015258789,2024-05-10,7.51,"Deer Isle3",7.51
"1039",-68.6600036621094,44.1500015258789,2024-05-11,7.707,"Deer Isle3",7.707
"1040",-68.6600036621094,44.1500015258789,2024-05-12,8.048,"Deer Isle3",8.048
"1041",-68.6600036621094,44.1500015258789,2024-05-13,8.331,"Deer Isle3",8.331
"1042",-68.6600036621094,44.1500015258789,2024-05-14,8.5,"Deer Isle3",8.5
"1043",-68.6600036621094,44.1500015258789,2024-05-15,8.39,"Deer Isle3",8.39
"1044",-68.6600036621094,44.1500015258789,2024-05-16,9.34,"Deer Isle3",9.34
"1045",-68.6600036621094,44.1500015258789,2024-05-17,9.691,"Deer Isle3",9.691
"1046",-68.6600036621094,44.1500015258789,2024-05-18,9.545,"Deer Isle3",9.545
"1047",-68.6600036621094,44.1500015258789,2024-05-19,9.968,"Deer Isle3",9.968
"1048",-68.6600036621094,44.1500015258789,2024-05-20,10.285,"Deer Isle3",10.285
"1049",-68.6600036621094,44.1500015258789,2024-05-21,10.86,"Deer Isle3",10.86
"1050",-68.6600036621094,44.1500015258789,2024-05-22,10.805,"Deer Isle3",10.805
"1051",-68.6600036621094,44.1500015258789,2024-05-23,11.027,"Deer Isle3",11.027
"1052",-68.6600036621094,44.1500015258789,2024-05-24,10.671,"Deer Isle3",10.671
"1053",-68.6600036621094,44.1500015258789,2024-05-25,10.726,"Deer Isle3",10.726
"1054",-68.6600036621094,44.1500015258789,2024-05-26,10.911,"Deer Isle3",10.911
"1055",-68.6600036621094,44.1500015258789,2024-05-27,10.596,"Deer Isle3",10.596
"1056",-68.6600036621094,44.1500015258789,2024-05-28,11.009,"Deer Isle3",11.009
"1057",-68.6600036621094,44.1500015258789,2024-05-29,11.311,"Deer Isle3",11.311
"1058",-68.6600036621094,44.1500015258789,2024-05-30,11.213,"Deer Isle3",11.213
"1059",-68.6600036621094,44.1500015258789,2024-05-31,10.995,"Deer Isle3",10.995
"1060",-68.6600036621094,44.1500015258789,2024-06-01,11.093,"Deer Isle3",11.093
"1061",-68.6600036621094,44.1500015258789,2024-06-02,11.233,"Deer Isle3",11.233
"1062",-68.6600036621094,44.1500015258789,2024-06-03,11.159,"Deer Isle3",11.159
